Target,Sector,Period (d),Period Err (d),Depth (ppm),Duration (hr),SNR,False Positive,depth_odd_ppm,depth_even_ppm,n_transits,odd_even_sigma,odd_even_reason,odd_even_pass,TIC_ID,Stellar_Radius_Rsun,Teff_K,Spectral_Type,Rp_Rjup,Rp_Rearth,radius_reason,planet_radius_plausible,match_source
KIC 6185711,0,11.69189,2.00E-05,600,23.851,3,TRUE,528.5542585,604.2142938,2,0.29411393,ok,TRUE,,0.762,5758,G,0.181626559,2.035833941,plausible,TRUE,FALSE POSITIVE
KIC 8958035,0,9.58815,0,3777.8,46.023,1.53,TRUE,3058.742627,4874.044637,3,2.75780249,ok,TRUE,,0.989,6217,F,0.591529888,6.630399357,plausible,TRUE,FALSE POSITIVE
KIC 10351767,0,0.63517,0,24312.6,0.991,2.42,TRUE,23624.53147,23307.96372,52,0.170551497,ok,TRUE,,1.058,6340,F,1.60532585,17.99393692,plausible,TRUE,FALSE POSITIVE
KIC 6546528,0,15.69457,1.00E-05,1659.7,75.334,1.31,TRUE,1830.201333,1618.187573,2,1.569247098,ok,TRUE,,0.863,5764,G,0.342128707,3.834886465,plausible,TRUE,FALSE POSITIVE
KIC 10015516,0,0.56744,6.00E-05,192.9,2.724,0.48,TRUE,109.0491649,170.0707057,17,0.848349902,ok,TRUE,,10.703,5355,G,1.446485786,16.21351453,plausible,TRUE,FALSE POSITIVE
KIC 8358012,0,15.70641,5.00E-05,2040.1,75.391,1.43,TRUE,2289.670385,1682.176016,2,3.492785238,ok,FALSE,,0.82,5438,G,0.36041413,4.039845941,plausible,TRUE,FALSE POSITIVE
KIC 3130548,0,7.60132,0,1394.1,36.486,0.97,TRUE,955.4628797,913.6201626,4,0.100452447,ok,TRUE,,0.937,5727,G,0.3404507,3.816077847,plausible,TRUE,FALSE POSITIVE
KIC 11494130,0,4.48022,6.00E-05,456.4,21.505,1.5,TRUE,-83.28529257,818.6028032,2,9.405810338,ok,FALSE,,2.534,6362,F,0.52679759,5.904821507,plausible,TRUE,FALSE POSITIVE
KIC 3860441,0,2.98854,1.00E-05,755,6.097,1.15,TRUE,670.7798441,1188.355655,11,2.704034567,ok,TRUE,,0.809,5497,G,0.216320756,2.424717722,plausible,TRUE,FALSE POSITIVE
KIC 10464078,0,13.44721,2.00E-05,11811.2,64.547,2.35,TRUE,9980.333159,11242.57977,2,0.919943323,ok,TRUE,,0.68,5043,K,0.719147268,8.060849812,plausible,TRUE,FALSE POSITIVE
KIC 8030148,0,4.27586,0,406.5,13.854,2.35,TRUE,576.5934878,145.0290894,2,4.885706448,ok,FALSE,,1.173,5746,G,0.230146454,2.579688586,plausible,TRUE,CONFIRMED
KIC 9346253,0,16.15685,1.00E-05,15684,77.553,5.8,TRUE,27237.04465,411.3506541,2,43.76811689,ok,FALSE,,0.892,6161,F,1.087063507,12.18478615,plausible,TRUE,FALSE POSITIVE
KIC 10419211,0,11.50882,0,14784.5,23.478,9.89,FALSE,13424.05027,15214.78784,2,0.656580123,ok,TRUE,,0.848,5795,G,1.003370545,11.2466801,plausible,TRUE,FALSE POSITIVE
KIC 4077526,0,16.74841,5.00E-05,949.5,80.392,0.99,TRUE,890.5667845,976.386607,1,0.418168707,ok,TRUE,,1.083,6100,F,0.324745368,3.640038354,plausible,TRUE,CONFIRMED
KIC 8345172,0,15.82499,0.00028,1253.6,75.96,1.34,TRUE,1968.713241,1061.066916,2,3.132438162,ok,FALSE,,0.783,5262,G,0.269777449,3.023908444,plausible,TRUE,FALSE POSITIVE
KIC 8700771,0,0.49447,3.00E-05,37.6,1.365,0.52,TRUE,31.89333923,49.70299665,19,0.864099645,ok,TRUE,,1.395,5774,G,0.08326796,0.933342236,plausible,TRUE,CONFIRMED
KIC 9446824,0,4.20208,0,40285.9,11.598,2.11,TRUE,40510.04285,39958.17003,21,0.118252444,ok,TRUE,,1.094,6185,F,2.13676105,23.95074094,plausible,TRUE,FALSE POSITIVE
KIC 3340070,0,11.74732,0.00012,459.5,32.423,1.2,TRUE,434.5671946,442.91027,2,0.031368501,ok,TRUE,,0.864,5903,G,0.180221937,2.020089671,plausible,TRUE,FALSE POSITIVE
KIC 4247791,0,2.04656,0,85423.8,9.823,3.09,TRUE,96824.7999,82047.72192,4,1.763034007,ok,TRUE,,1.51,5923,G,4.294655554,48.13836464,too_large,FALSE,FALSE POSITIVE
KIC 11611600,0,1.21932,0,517.8,1.463,1.17,TRUE,436.4303713,563.6516424,27,0.943447103,ok,TRUE,,0.701,4838,K,0.155225945,1.739912099,plausible,TRUE,CONFIRMED
KIC 7661065,0,10.11121,1.00E-05,3180,48.534,1,TRUE,3876.898581,919.3304911,3,5.193196475,ok,FALSE,,0.858,5290,G,0.470827112,5.277454012,plausible,TRUE,FALSE POSITIVE
KIC 7118364,0,14.11846,1.00E-05,472.6,67.769,1.04,TRUE,388.5875691,618.554251,2,1.66652977,ok,TRUE,,1.122,5754,G,0.237359242,2.660536005,plausible,TRUE,CONFIRMED
KIC 8644288,0,4.09014,0,1510.1,11.289,3.39,TRUE,2537.540687,192.143443,2,11.92676295,ok,FALSE,,1.055,5356,G,0.398945806,4.47174365,plausible,TRUE,CONFIRMED
KIC 11389771,0,13.61588,1.00E-05,1998.7,65.356,1.56,TRUE,1845.926056,2197.699477,2,1.853437043,ok,TRUE,,0.881,5814,G,0.383272919,4.29606782,plausible,TRUE,CONFIRMED
KIC 4155328,0,5.90069,0.0004,629.5,28.323,1.37,TRUE,862.2848267,461.7172557,5,6.249087315,ok,FALSE,,2.17,6505,F,0.529795359,5.938423194,plausible,TRUE,CONFIRMED
KIC 5991936,0,0.40343,6.00E-05,735.2,1.936,0.62,TRUE,470.7829558,400.3203915,24,0.322229017,ok,TRUE,,1.828,8828,A,0.482337784,5.406475988,plausible,TRUE,FALSE POSITIVE
KIC 6863998,0,16.15365,3.00E-05,2632.8,77.538,1.33,TRUE,569.4330056,4651.132171,2,24.53676964,ok,FALSE,,0.826,5239,G,0.412432161,4.622910851,plausible,TRUE,CONFIRMED
KIC 5564247,0,40.55519,1.00E-05,3658.9,194.665,2.11,TRUE,2804.16754,3975.604446,2,2.356984666,ok,TRUE,,0.72,5394,G,0.423808188,4.750423599,plausible,TRUE,FALSE POSITIVE
KIC 5553652,0,15.80483,0.00018,1096.7,51.208,1.38,TRUE,304.9211596,1852.376052,2,3.122675384,ok,FALSE,,0.78,5286,G,0.251360526,2.817475,plausible,TRUE,FALSE POSITIVE
KIC 9166870,0,14.11796,0,1588.4,67.766,1.44,TRUE,3138.525998,982.2208161,2,13.21361581,ok,FALSE,,0.965,5936,G,0.374252827,4.194962512,plausible,TRUE,FALSE POSITIVE
KIC 6962977,0,7.05431,0.00013,801.7,16.93,1.23,TRUE,756.515469,676.0751486,12,0.283467024,ok,TRUE,,0.808,5296,G,0.222628046,2.495415505,plausible,TRUE,CONFIRMED
KIC 10350571,0,2.06915,0.00044,178,3.228,1.24,TRUE,224.6544218,139.600356,4,1.413996662,ok,TRUE,,1.487,5676,G,0.193080888,2.16422436,plausible,TRUE,CONFIRMED
KIC 10153827,0,0.58738,0,658.2,0.916,0.91,TRUE,589.7010434,565.761427,56,0.182472064,ok,TRUE,,0.843,5665,G,0.210467345,2.359107427,plausible,TRUE,FALSE POSITIVE
KIC 7685981,0,4.40848,1.00E-05,567.6,17.458,0.85,TRUE,578.1173705,436.7881036,20,1.08606042,ok,TRUE,,0.961,6007,F,0.222801103,2.497355287,plausible,TRUE,CONFIRMED
KIC 8935810,0,6.22983,1.00E-05,1819.9,7.476,1.35,TRUE,1877.940382,2474.949717,14,1.226704369,ok,TRUE,,0.865,5477,G,0.359086375,4.024963271,plausible,TRUE,CONFIRMED
KIC 12071037,0,1.9541,0.0001,115.9,6.331,0.45,TRUE,96.18477479,76.51755907,17,0.271955786,ok,TRUE,,0.885,5826,G,0.092732315,1.039427251,plausible,TRUE,FALSE POSITIVE
KIC 8346392,0,16.16665,2.00E-05,3467.6,77.6,1,TRUE,4539.971695,1132.72443,2,8.976434608,ok,FALSE,,0.548,3968,K,0.314021455,3.519835083,plausible,TRUE,CONFIRMED
KIC 7849854,0,2.05237,0,12782.1,3.202,5.29,TRUE,12600.44128,12023.01788,16,0.765509431,ok,TRUE,,1.08,5855,G,1.188191162,13.31831592,plausible,TRUE,CONFIRMED
KIC 3632418,0,3.61864,1.00E-05,101.3,17.369,1.47,TRUE,47.06550949,133.6386654,2,6.015894733,ok,FALSE,,1.733,6202,F,0.169718295,1.902355401,plausible,TRUE,CONFIRMED
KIC 6307537,0,4.47866,3.00E-05,80008.8,21.498,1.8,TRUE,169083.5297,-10790.55784,2,1346.558844,ok,FALSE,,0.788,4889,K,2.168988033,24.31196997,plausible,TRUE,FALSE POSITIVE
KIC 10206675,0,14.12334,9.00E-05,1237.2,67.792,1.64,TRUE,925.7922773,1692.946528,2,2.761381009,ok,TRUE,,0.615,4098,K,0.210504371,2.359522447,plausible,TRUE,FALSE POSITIVE
KIC 3939150,0,2.65128,6.00E-05,155.5,9.545,0.88,TRUE,196.8096421,158.2236391,3,0.753050175,ok,TRUE,,1.857,5968,G,0.225357839,2.52601348,plausible,TRUE,CONFIRMED
KIC 10514770,0,1.87257,0,2211.9,2.247,2.65,TRUE,2419.159999,2099.883085,17,0.958064041,ok,TRUE,,0.825,5337,G,0.377573296,4.232181312,plausible,TRUE,FALSE POSITIVE
KIC 3444588,0,16.62884,0,4076.4,79.818,1.25,TRUE,4606.170004,4333.702895,2,0.933721886,ok,TRUE,,0.602,4109,K,0.374020523,4.192358639,plausible,TRUE,CONFIRMED
KIC 9593757,0,2.49462,1.00E-05,5105.4,3.892,1.81,TRUE,4290.295032,4777.978594,36,0.397244525,ok,TRUE,,1,5780,G,0.695306372,7.793619588,plausible,TRUE,FALSE POSITIVE
KIC 9536692,0,9.92913,0.00016,10672.8,47.66,1.64,TRUE,11701.18309,9711.851773,8,1.467976026,ok,TRUE,,0.882,5215,G,0.886684916,9.93876256,plausible,TRUE,FALSE POSITIVE
KIC 4940438,0,9.08731,1.00E-05,1477.8,18.538,1.74,TRUE,1278.768043,1396.947704,9,0.392927736,ok,TRUE,,0.866,5931,G,0.323959777,3.631232747,plausible,TRUE,FALSE POSITIVE
KIC 6675056,0,10.44247,2.00E-05,1391.2,25.062,2.53,TRUE,1286.615907,1368.057969,8,0.239361759,ok,TRUE,,0.802,4947,K,0.291095124,3.262856131,plausible,TRUE,FALSE POSITIVE
KIC 3858704,0,1.00189,1.00E-05,72.4,3.967,0.63,TRUE,41.78732686,43.73601739,9,0.078047355,ok,TRUE,,1.32,6309,F,0.109298561,1.225116635,plausible,TRUE,FALSE POSITIVE
KIC 11923270,0,11.94053,1.00E-05,2849.8,57.315,0.99,TRUE,-2310.795182,5087.727277,2,10.47072366,ok,FALSE,,0.473,3688,M,0.245712894,2.754171254,plausible,TRUE,CONFIRMED
KIC 8972058,0,3.92002,1.00E-05,236.3,18.816,1.61,TRUE,356.8114538,67.97708399,2,4.662926009,ok,FALSE,,1.171,5881,G,0.175172457,1.963490551,plausible,TRUE,CONFIRMED
KIC 10352945,0,6.47338,4.00E-05,395.2,23.304,0.62,TRUE,368.2044272,425.2665477,13,0.329969981,ok,TRUE,,1.033,6341,F,0.19982815,2.239853746,plausible,TRUE,FALSE POSITIVE
KIC 3120431,0,1.67134,1.00E-05,514.4,5.415,0.46,TRUE,563.1664972,235.8730846,53,2.042694722,ok,TRUE,,0.811,5295,G,0.178990097,2.006282103,plausible,TRUE,FALSE POSITIVE
KIC 8630788,0,13.85687,7.00E-05,1305.4,66.513,1.6,TRUE,-203.6919267,2183.81984,2,8.341706817,ok,FALSE,,0.884,5717,G,0.31080556,3.483788438,plausible,TRUE,CONFIRMED
KIC 9141746,0,6.49168,0,6439.8,23.37,5.19,TRUE,6167.207643,6252.008107,13,0.293555835,ok,TRUE,,1.107,6123,F,0.864464652,9.689697836,plausible,TRUE,CONFIRMED
KIC 7032421,0,11.16422,5.00E-05,2925.8,53.588,1.21,TRUE,-215.7175695,5316.470607,2,9.920735004,ok,FALSE,,0.936,5578,G,0.492674821,5.522342797,plausible,TRUE,FALSE POSITIVE
KIC 5217586,0,12.3255,0.0001,505.5,48.809,1.96,TRUE,419.3010979,538.3010823,2,0.674700517,ok,TRUE,,0.91,5585,G,0.199098752,2.231678,plausible,TRUE,FALSE POSITIVE
KIC 6707908,0,39.56356,0,3018.3,189.905,2.13,TRUE,4912.345401,426.816206,2,13.55694599,ok,FALSE,,0.884,5708,G,0.472600376,5.297330351,plausible,TRUE,FALSE POSITIVE
KIC 3834322,0,15.38031,0,1840.5,73.825,1.17,TRUE,1760.795116,2257.737391,2,2.107365763,ok,TRUE,,0.708,4784,K,0.295571233,3.313028399,plausible,TRUE,FALSE POSITIVE
KIC 10480921,0,12.61064,1.00E-05,424.6,25.726,1.78,TRUE,466.3129406,393.61471,2,1.779697658,ok,TRUE,,1.015,6253,F,0.20353416,2.28139405,plausible,TRUE,FALSE POSITIVE
KIC 5964985,0,0.46632,1.00E-05,132,2.238,0.67,TRUE,151.7883052,20.25537896,20,3.677750185,ok,FALSE,,1.469,7117,F,0.164231373,1.840853037,plausible,TRUE,FALSE POSITIVE
KIC 12020329,0,7.2597,0,2772,34.847,2.19,TRUE,3544.411692,1876.201026,4,8.162782321,ok,FALSE,,0.867,5485,G,0.444195392,4.978941732,plausible,TRUE,CONFIRMED
KIC 10341831,0,13.20694,0,1803.9,63.393,1.55,TRUE,2391.799096,1393.843663,2,6.452912319,ok,FALSE,,0.48,3682,M,0.198386146,2.223690471,plausible,TRUE,FALSE POSITIVE
KIC 10272640,0,3.77031,0,13169.4,12.216,2.3,TRUE,12652.2203,12705.95261,23,0.046493423,ok,TRUE,,1.075,6322,F,1.200473719,13.45598987,plausible,TRUE,CONFIRMED
KIC 6847018,0,4.82321,2.00E-05,11693.2,9.839,3.2,TRUE,18417.77016,5676.681446,2,4.666093376,ok,FALSE,,1.169,6440,F,1.230106465,13.78814035,plausible,TRUE,FALSE POSITIVE
KIC 6149553,0,8.46259,,714.6,40.62,0.81,TRUE,1012.777189,652.4691049,3,0.849260912,ok,TRUE,,1,5778,G,0.260136469,2.915843671,plausible,TRUE,FALSE POSITIVE
KIC 7543649,0,3.58052,0,388.7,11.601,1,TRUE,335.2338667,328.060175,25,0.075555367,ok,TRUE,,0.993,6109,F,0.190513856,2.135450766,plausible,TRUE,FALSE POSITIVE
KIC 1432789,0,7.86871,5.00E-05,834.5,9.442,1.79,TRUE,647.9405884,335.748217,4,1.495292073,ok,TRUE,,1.22,5782,G,0.342948694,3.844077616,plausible,TRUE,CONFIRMED
KIC 10785538,0,0.41225,0,49.9,1.979,0.33,TRUE,55.80967498,13.07820713,23,1.660657744,ok,TRUE,,0.954,5991,G,0.06558915,0.735182218,plausible,TRUE,FALSE POSITIVE
KIC 1871056,0,4.3744,0.00021,126.7,20.997,0.84,TRUE,167.0694779,85.46513941,2,1.251921449,ok,TRUE,,2.097,6207,F,0.229699974,2.57468404,plausible,TRUE,CONFIRMED
KIC 7376983,0,44.3182,1.00E-05,2877.3,212.727,2.04,TRUE,3711.612568,2060.713304,2,6.023390056,ok,FALSE,,0.714,4769,K,0.372696367,4.177516305,plausible,TRUE,CONFIRMED
KIC 10351231,0,1.69403,2.00E-05,231.1,8.131,0.42,TRUE,244.1346596,156.021951,19,0.919744116,ok,TRUE,,1.001,6063,F,0.148088087,1.659904553,plausible,TRUE,CONFIRMED
KIC 10019708,0,3.2678,0,8501.4,10.588,4.79,TRUE,8854.854706,8649.488018,10,0.338476693,ok,TRUE,,1.691,5927,G,1.517226778,17.00644323,plausible,TRUE,CONFIRMED
KIC 9766437,0,15.49075,2.00E-05,1256.5,74.356,1.54,TRUE,646.6266736,1806.0693,2,2.826207346,ok,TRUE,,0.904,5997,G,0.311830836,3.495280662,plausible,TRUE,CONFIRMED
KIC 7672940,0,4.47926,0.00022,159,21.5,1.58,TRUE,122.514538,210.0816102,2,2.677354449,ok,TRUE,,2.173,6340,F,0.266595504,2.988242343,plausible,TRUE,FALSE POSITIVE
KIC 9965184,0,16.21574,0.00013,802.5,19.459,1.34,TRUE,821.0528301,497.6427735,5,1.344883054,ok,TRUE,,0.883,5328,G,0.243418023,2.728448273,plausible,TRUE,FALSE POSITIVE
KIC 6048024,0,2.24129,0.0001,396.4,10.758,0.72,TRUE,429.130752,349.6088953,4,0.491366259,ok,TRUE,,1.492,6340,F,0.289066005,3.240111941,plausible,TRUE,FALSE POSITIVE
KIC 4476423,0,8.46295,0.00079,837.7,40.622,1.61,TRUE,929.6198358,695.7933584,3,1.607370594,ok,TRUE,,10.472,4553,K,2.94949141,33.06055427,too_large,FALSE,FALSE POSITIVE
KIC 5252423,0,7.60474,2.00E-05,652,36.503,0.81,TRUE,530.6075381,561.911373,4,0.120896922,ok,TRUE,,0.732,4861,K,0.181879506,2.038669189,plausible,TRUE,CONFIRMED
KIC 3835670,0,14.57909,1.00E-05,889.6,69.98,4.01,TRUE,808.4585487,919.2327168,2,1.895108844,ok,TRUE,,1.412,5774,G,0.409819127,4.59362161,plausible,TRUE,CONFIRMED
KIC 6936909,0,16.63831,1.00E-05,814.5,73.874,1.2,TRUE,576.2403212,643.104952,2,0.198655693,ok,TRUE,,0.986,5993,G,0.273836413,3.069404972,plausible,TRUE,CONFIRMED
KIC 3344419,0,0.65179,0,1512,0.782,0.71,TRUE,1986.463849,1752.696628,51,0.49372905,ok,TRUE,,1.061,5555,G,0.401468806,4.500023701,plausible,TRUE,FALSE POSITIVE
KIC 2720309,0,0.41328,0,1074.4,0.496,1.25,TRUE,1095.125252,969.9068795,80,0.631292636,ok,TRUE,,1.016,5973,G,0.32407286,3.632500279,plausible,TRUE,FALSE POSITIVE
KIC 8278371,0,0.55902,0,63.3,1.811,0.46,TRUE,10.78531268,85.9730414,17,2.094444761,ok,TRUE,,1.037,5718,G,0.080262186,0.899650818,plausible,TRUE,CONFIRMED
KIC 11600889,0,0.66803,0,108.7,0.802,0.96,TRUE,109.2301691,97.8558224,14,0.227698908,ok,TRUE,,1.003,5475,G,0.101739967,1.140393112,plausible,TRUE,CONFIRMED
KIC 11853255,0,2.24161,0,674.3,2.69,1.12,TRUE,1066.629246,643.8460242,14,1.367068429,ok,TRUE,,0.564,4149,K,0.142513673,1.597421507,plausible,TRUE,CONFIRMED
KIC 11869052,0,4.82396,0.00014,208.1,23.155,1.47,TRUE,324.1921222,60.19029482,2,9.817994091,ok,FALSE,,1.264,5670,G,0.177442135,1.988931152,plausible,TRUE,FALSE POSITIVE
KIC 10790387,0,6.11167,8.00E-05,341.1,14.668,0.89,TRUE,408.1891812,369.1461717,5,0.229312162,ok,TRUE,,1.072,6392,F,0.192648678,2.15937977,plausible,TRUE,CONFIRMED
KIC 3542588,0,12.129,2.00E-05,386.1,58.219,1.51,TRUE,89.94965208,531.1225833,2,4.92111244,ok,FALSE,,1.111,6341,F,0.212423816,2.381037306,plausible,TRUE,FALSE POSITIVE
KIC 8230616,0,12.97596,0,744.8,57.613,0.92,TRUE,-5.3187259,1065.532909,2,4.317547865,ok,FALSE,,0.574,4198,K,0.152433934,1.70861672,plausible,TRUE,CONFIRMED
KIC 8150320,0,6.75658,0,2047.4,32.432,1.29,TRUE,2332.393882,1678.825569,4,3.301214682,ok,FALSE,,0.646,4500,K,0.284444329,3.188308039,plausible,TRUE,CONFIRMED
KIC 9875711,0,8.37358,1.00E-05,1581.6,23.111,2.34,TRUE,1592.666515,1235.109161,3,0.978532708,ok,TRUE,,0.81,4743,K,0.313466449,3.513614077,plausible,TRUE,CONFIRMED
KIC 8552565,0,0.53068,0,99.3,1.274,0.87,TRUE,57.80825894,45.51979974,18,0.337583109,ok,TRUE,,1.851,6134,F,0.179489435,2.01187913,plausible,TRUE,FALSE POSITIVE
KIC 5812701,0,4.58763,0,4477.1,22.021,3.04,TRUE,9086.262612,-124.2350742,2,62.48768764,ok,FALSE,,1.367,6823,F,0.890079866,9.976816211,plausible,TRUE,CONFIRMED
KIC 5988031,0,15.58392,3.00E-05,498.5,74.803,1.08,TRUE,-353.9554334,895.4703082,2,9.404557205,ok,FALSE,,0.901,5948,G,0.195749005,2.194131021,plausible,TRUE,FALSE POSITIVE
KIC 9108085,0,14.29697,1.00E-05,152.6,68.625,0.91,TRUE,17.3013852,196.6024814,2,1.560246539,ok,TRUE,,1.15,5749,G,0.13824301,1.549552077,plausible,TRUE,FALSE POSITIVE
KIC 6279974,0,0.80551,0,870.4,0.967,2.72,TRUE,915.1108056,825.7747096,41,0.815099029,ok,TRUE,,2.022,5872,G,0.580501056,6.506778281,plausible,TRUE,FALSE POSITIVE
KIC 8462258,0,3.61135,1.00E-05,2740.3,17.334,2.39,TRUE,2821.751562,2658.381677,24,1.061087841,ok,TRUE,,0.802,5203,G,0.408543668,4.579325121,plausible,TRUE,FALSE POSITIVE
KIC 8229696,0,16.27494,3.00E-05,1196.5,78.12,1.53,TRUE,1273.800628,1327.977732,2,0.454443932,ok,TRUE,,0.82,5676,G,0.276013474,3.09380743,plausible,TRUE,CONFIRMED
KIC 3641726,0,9.04481,2.00E-05,936.6,29.305,1.81,TRUE,870.7883309,1043.149697,3,0.646267596,ok,TRUE,,0.82,5349,G,0.24419873,2.737199139,plausible,TRUE,CONFIRMED
KIC 8255887,0,4.70985,0,7052.2,12.999,5.73,TRUE,7070.704152,7526.186805,7,0.938710245,ok,TRUE,,1.21,5560,G,0.988802481,11.08338813,plausible,TRUE,CONFIRMED
KIC 5899544,0,1.73948,0,8119.9,3.549,2.64,TRUE,7551.829353,7534.937035,51,0.02671624,ok,TRUE,,0.742,5415,G,0.650639275,7.292950571,plausible,TRUE,FALSE POSITIVE
KIC 8264070,0,2.89693,1.00E-05,510.5,6.953,0.86,TRUE,524.7803144,471.7734966,32,0.539329755,ok,TRUE,,2.994,5970,G,0.658284019,7.378639741,plausible,TRUE,FALSE POSITIVE
KIC 9838975,0,9.3483,0,24606.6,25.801,6.05,TRUE,47777.94173,-264.5960412,3,36.44327816,ok,FALSE,,0.66,5190,K,1.007468175,11.29261002,plausible,TRUE,FALSE POSITIVE
KIC 10166274,0,11.56671,0,1646.7,55.52,1.46,TRUE,1179.221276,1950.985455,2,4.270078805,ok,FALSE,,0.46,3789,K,0.181644072,2.036030237,plausible,TRUE,CONFIRMED
KIC 8620565,0,0.78217,0,13346.7,0.939,2.32,TRUE,11958.58856,12234.8679,42,0.173933559,ok,TRUE,,0.995,6113,F,1.118590742,12.53817177,plausible,TRUE,FALSE POSITIVE
KIC 10875245,0,4.27621,1.00E-05,266.8,20.526,2.19,TRUE,0.513164088,355.8719644,2,8.314146218,ok,FALSE,,1.402,5847,G,0.222828767,2.497665365,plausible,TRUE,CONFIRMED
KIC 5474733,0,0.63769,0,84.5,1.76,0.34,TRUE,67.21043416,56.71614645,52,0.331656017,ok,TRUE,,0.949,5975,G,0.084897079,0.951602864,plausible,TRUE,FALSE POSITIVE
KIC 6047498,0,0.51907,0,429.9,0.623,0.99,TRUE,204.4478695,241.7887229,64,0.340271226,ok,TRUE,,0.762,5572,G,0.153739075,1.723245918,plausible,TRUE,FALSE POSITIVE
KIC 7375795,0,0.56915,7.00E-05,49.2,2.527,0.37,TRUE,38.77047003,33.46835106,17,0.190918514,ok,TRUE,,0.943,5687,G,0.064358859,0.721392011,plausible,TRUE,FALSE POSITIVE
KIC 8559644,0,0.4806,0.00026,76.4,2.307,0.45,TRUE,-1.649162905,42.54376049,20,1.26299734,ok,TRUE,,1.235,5873,G,0.10501323,1.177082796,plausible,TRUE,CONFIRMED
KIC 4164994,0,10.50599,0,11184.7,34.039,6.7,TRUE,10903.40219,11527.16046,8,0.666814517,ok,TRUE,,0.782,5127,K,0.804787254,9.020779847,plausible,TRUE,CONFIRMED
KIC 9661877,0,10.19864,6.00E-05,970.8,28.148,1.74,TRUE,320.541232,1311.211321,3,3.019998019,ok,FALSE,,0.958,6014,F,0.29046987,3.255847727,plausible,TRUE,FALSE POSITIVE
KIC 3560301,0,2.32413,8.00E-05,212.3,11.156,1.14,TRUE,108.6637058,246.1714205,4,1.91450511,ok,TRUE,,3.482,6980,F,0.493646083,5.53322958,plausible,TRUE,FALSE POSITIVE
KIC 9719634,0,3.35083,1.00E-05,597.9,6.836,1.68,TRUE,474.1123474,578.2926809,9,0.565693313,ok,TRUE,,0.911,5185,K,0.21677121,2.429766811,plausible,TRUE,FALSE POSITIVE
KIC 10657664,0,1.63761,0,10949.9,4.52,3.42,TRUE,17760.09281,5692.760722,5,8.909664993,ok,FALSE,,2.493,10816,B,2.538574099,28.45462322,too_large,FALSE,FALSE POSITIVE
KIC 11013201,0,0.51474,1.00E-05,108.6,1.05,0.41,TRUE,25.54051037,36.65027999,18,0.126039835,ok,TRUE,,4.24,7221,F,0.42992651,4.819003254,plausible,TRUE,CONFIRMED
KIC 3732821,0,11.93787,4.00E-05,971.2,57.302,1.3,TRUE,-68.6158791,1521.558455,2,6.432199808,ok,FALSE,,0.772,5196,K,0.23412016,2.624229462,plausible,TRUE,CONFIRMED
KIC 7918217,0,2.85192,0.00051,614.3,13.689,1.4,TRUE,375.6941224,591.1315661,3,1.313080985,ok,TRUE,,97.41,3626,M,23.49380029,263.339658,too_large_mdwarf,FALSE,FALSE POSITIVE
KIC 2853093,0,16.14893,0.00032,777.6,71.701,0.83,TRUE,-367.6790892,1178.24904,2,4.183229954,ok,FALSE,,1.213,5778,G,0.329146877,3.689374428,plausible,TRUE,CONFIRMED
KIC 1432214,0,32.10462,4.00E-05,43546.4,115.577,12.02,TRUE,77845.72145,334.426804,2,14.71753485,ok,FALSE,,1.212,6018,F,2.461165928,27.58696277,plausible,TRUE,FALSE POSITIVE
KIC 11960862,0,6.57847,0,2533.4,26.051,3.55,TRUE,2262.333334,2737.502111,5,1.340809835,ok,TRUE,,0.989,5992,G,0.484405524,5.429653083,plausible,TRUE,CONFIRMED
KIC 3130300,0,6.42444,3.00E-05,411.9,23.128,1.14,TRUE,325.9074926,415.3815804,5,0.738634694,ok,TRUE,,4.434,5772,G,0.875678224,9.815389642,plausible,TRUE,FALSE POSITIVE
KIC 6359320,0,16.91663,2.00E-05,691.2,81.2,0.94,TRUE,554.5752472,717.0549419,5,0.86050719,ok,TRUE,,0.921,5831,G,0.235626609,2.6411151,plausible,TRUE,CONFIRMED
KIC 9214942,0,12.13402,5.00E-05,1393.4,58.243,0.79,TRUE,-1106.140665,2033.816396,2,9.407527331,ok,FALSE,,0.54,3976,K,0.196152146,2.198649793,plausible,TRUE,CONFIRMED
KIC 9110357,0,0.89273,0,194.9,2.892,1.12,TRUE,94.70331287,153.7782104,10,1.089983912,ok,TRUE,,3.325,8040,A,0.451750288,5.063623801,plausible,TRUE,FALSE POSITIVE
KIC 6949607,0,8.49676,1.00E-05,6348.7,40.784,1.26,TRUE,5192.079817,7115.164579,3,7.338364692,ok,FALSE,,0.57,4072,K,0.441956222,4.953843091,plausible,TRUE,CONFIRMED
KIC 6124941,0,12.13002,1.00E-05,389.4,58.224,1.3,TRUE,359.478637,373.9710274,2,0.232431894,ok,TRUE,,0.183,3337,M,0.035141858,0.393901576,plausible,TRUE,FALSE POSITIVE
KIC 9761199,0,0.69207,0,3356.7,0.83,1.56,TRUE,3084.417629,3499.049628,48,0.648789884,ok,TRUE,,0.497,3752,K,0.280202718,3.140764243,plausible,TRUE,FALSE POSITIVE
KIC 7102227,0,13.86107,0.00013,2321,66.533,1.68,TRUE,3462.546536,1330.486118,2,5.583422051,ok,FALSE,,0.755,5142,K,0.35395265,3.967419864,plausible,TRUE,CONFIRMED
KIC 11027624,0,4.70344,0.00082,200.9,22.577,1.28,TRUE,285.2660132,160.6867458,2,1.822164545,ok,TRUE,,1.727,5910,G,0.238221936,2.670205861,plausible,TRUE,CONFIRMED
KIC 3554600,0,7.54574,0.0001,785.3,33.503,0.96,TRUE,696.5392744,904.4548303,11,1.21474025,ok,TRUE,,0.824,5657,G,0.224700398,2.518644288,plausible,TRUE,FALSE POSITIVE
KIC 4459924,0,0.401,3.00E-05,43.8,1.925,0.14,TRUE,13.04210497,-14.31154863,83,1.258121442,ok,TRUE,,0.756,5138,K,0.048690692,0.545769103,plausible,TRUE,FALSE POSITIVE
KIC 3113266,0,0.49796,0,2232.3,0.598,2.17,TRUE,2470.998819,1911.220896,67,1.979219298,ok,TRUE,,0.706,5286,G,0.324593087,3.638331453,plausible,TRUE,FALSE POSITIVE
KIC 12110942,0,0.43084,1.00E-05,114.8,2.068,0.15,TRUE,78.66366416,-2.397750084,77,1.427708248,ok,TRUE,,0.917,5880,G,0.095594962,1.071514365,plausible,TRUE,CONFIRMED
KIC 9166862,0,3.85852,0,13785.4,10.65,4.92,TRUE,12561.10111,13894.61957,8,0.818102121,ok,TRUE,,1.046,6033,F,1.195096724,13.39571967,plausible,TRUE,CONFIRMED
KIC 6864893,0,7.4761,0.00039,485.1,35.885,1.24,TRUE,749.9336219,278.3895598,4,3.887812341,ok,FALSE,,0.72,5383,G,0.154313389,1.729683349,plausible,TRUE,FALSE POSITIVE
KIC 11391957,0,16.64988,2.00E-05,4650.8,79.919,1.56,TRUE,4082.001495,5112.155533,2,7.373058678,ok,FALSE,,0.787,5592,G,0.522273976,5.854116765,plausible,TRUE,CONFIRMED
KIC 8916492,0,1.08249,2.00E-05,23.6,5.196,0.84,TRUE,12.86472211,21.31735771,8,1.211008399,ok,TRUE,,3.685,7516,A,0.174147434,1.952001168,plausible,TRUE,FALSE POSITIVE
KIC 3848972,0,0.74079,0,1034.4,0.889,0.92,TRUE,875.3464639,779.777833,45,0.290681995,ok,TRUE,,0.776,5496,G,0.242866315,2.722264234,plausible,TRUE,FALSE POSITIVE
KIC 11401822,0,1.0823,1.00E-05,286.9,3.896,0.44,TRUE,235.8157541,259.8201534,81,0.289449415,ok,TRUE,,0.813,5482,G,0.134001572,1.502010216,plausible,TRUE,FALSE POSITIVE
KIC 3940418,0,12.46934,1.00E-05,2516.2,59.853,1.28,TRUE,155.4954894,4232.09258,2,15.65234847,ok,FALSE,,0.807,5170,K,0.393920885,4.415419807,plausible,TRUE,CONFIRMED
KIC 5358241,0,12.5378,5.00E-05,982.2,45.136,1.83,TRUE,-224.6742608,1292.346216,2,5.584874471,ok,FALSE,,1.053,5775,G,0.321139748,3.599623317,plausible,TRUE,CONFIRMED
KIC 8552498,0,0.53068,0,204.3,0.828,1.1,TRUE,204.6561658,157.7285129,18,0.771867823,ok,TRUE,,1.193,6449,F,0.165930259,1.859895676,plausible,TRUE,FALSE POSITIVE
KIC 3114811,0,2.47692,4.00E-05,148,11.889,0.95,TRUE,60.71422966,146.0556547,3,1.699917299,ok,TRUE,,2.867,6353,F,0.339432739,3.804667628,plausible,TRUE,CONFIRMED
KIC 5531576,0,11.16328,2.00E-05,2665.1,53.584,1.3,TRUE,1719.573703,3537.037849,2,5.080898988,ok,FALSE,,0.779,4768,K,0.391343142,4.386526145,plausible,TRUE,CONFIRMED
KIC 5816165,0,1.18404,0,657.2,5.683,0.84,TRUE,328.1439617,415.5284634,75,1.19648935,ok,TRUE,,0.655,5122,K,0.163403445,1.831572869,plausible,TRUE,FALSE POSITIVE
KIC 7972785,0,7.30509,0,11749.4,35.064,5.56,TRUE,12431.93431,10939.17643,4,1.958261158,ok,TRUE,,1.138,6434,F,1.200362233,13.45474023,plausible,TRUE,FALSE POSITIVE
KIC 8914779,0,2.76819,0,66.3,13.287,0.91,TRUE,54.1002684,88.8495046,3,1.376424083,ok,TRUE,,1.896,6258,F,0.150173506,1.683279812,plausible,TRUE,FALSE POSITIVE
KIC 3246984,0,1.62632,0,1410,1.952,2.1,TRUE,1308.078937,1272.880435,20,0.140134752,ok,TRUE,,0.973,5735,G,0.355540357,3.985216311,plausible,TRUE,FALSE POSITIVE
KIC 8689031,0,16.15725,5.00E-05,813.9,77.555,1.22,TRUE,-23.77145175,1597.225454,2,11.48947591,ok,FALSE,,0.708,5481,G,0.196552622,2.203138681,plausible,TRUE,CONFIRMED
KIC 9996632,0,21.92323,6.00E-05,646.7,105.232,1.16,TRUE,624.1537292,821.7521346,4,1.109063406,ok,TRUE,,1.023,6081,F,0.253165623,2.837708154,plausible,TRUE,FALSE POSITIVE
KIC 5544903,0,22.62221,7.00E-05,650.5,73.296,1.16,TRUE,683.666061,725.6230787,3,0.197465685,ok,TRUE,,1.171,6418,F,0.29063718,3.257723086,plausible,TRUE,FALSE POSITIVE
KIC 11548140,0,1.3733,0,29372.8,6.592,1.4,TRUE,22692.18288,22844.57876,24,0.102882018,ok,TRUE,,0.439,3440,M,0.732147853,8.206572073,plausible,TRUE,FALSE POSITIVE
KIC 10797460,0,11.57105,3.00E-05,1393.8,55.541,1.17,TRUE,1946.204891,820.7338503,2,4.534223391,ok,FALSE,,0.927,5455,G,0.336775903,3.774887422,plausible,TRUE,CONFIRMED
KIC 6677256,0,3.12617,1.00E-05,264.4,4.877,0.86,TRUE,200.1362386,312.7286224,28,1.478299814,ok,TRUE,,1.181,6358,F,0.186871212,2.094620723,plausible,TRUE,FALSE POSITIVE
KIC 11176127,0,10.49202,2.00E-05,750.8,37.771,1.13,TRUE,764.5017419,612.0300086,3,0.383325106,ok,TRUE,,0.611,4463,K,0.162918519,1.826137385,plausible,TRUE,CONFIRMED
KIC 5521300,0,0.60959,8.00E-05,146.2,0.732,0.43,TRUE,131.7826711,139.1209162,54,0.096068269,ok,TRUE,,1.038,6184,F,0.122153783,1.369209534,plausible,TRUE,FALSE POSITIVE
KIC 6677841,0,14.21144,0.00012,732.7,68.215,2.01,TRUE,1108.555635,291.9957466,2,12.29018348,ok,FALSE,,1.697,6366,F,0.446993714,5.010307841,plausible,TRUE,CONFIRMED
KIC 5547480,0,3.98163,0,1088.7,6.211,2.84,TRUE,1062.92165,935.7678963,8,0.614053208,ok,TRUE,,0.973,6032,F,0.312415371,3.501832649,plausible,TRUE,FALSE POSITIVE
KIC 8351704,0,11.63209,3.00E-05,662.1,51.646,0.89,TRUE,433.8684488,623.4901514,2,0.710766523,ok,TRUE,,0.389,3569,M,0.097405514,1.091808666,plausible,TRUE,CONFIRMED
KIC 5387843,0,7.7323,0,623.5,37.115,1.04,TRUE,602.9589281,657.7781152,4,0.298094281,ok,TRUE,,0.883,5985,G,0.21455786,2.404957598,plausible,TRUE,FALSE POSITIVE
KIC 5801571,0,0.83866,0,1932.9,1.006,2.65,TRUE,2181.200805,2305.083839,39,0.655688066,ok,TRUE,,1.236,6366,F,0.528798584,5.927250446,plausible,TRUE,FALSE POSITIVE
KIC 8125580,0,0.56119,5.00E-05,189.6,2.492,0.25,TRUE,43.86317391,119.6235472,59,0.837581117,ok,TRUE,,0.502,4719,K,0.067262953,0.753943718,plausible,TRUE,CONFIRMED
KIC 7373451,0,15.06549,4.00E-05,1925.5,72.314,1.39,TRUE,962.3869692,2768.840217,2,5.841548816,ok,FALSE,,0.75,5067,K,0.320255567,3.58971263,plausible,TRUE,CONFIRMED
KIC 4829935,0,6.69427,4.00E-05,254,32.132,0.81,TRUE,302.9333857,224.7804746,5,0.886731475,ok,TRUE,,1.095,6310,F,0.169805282,1.90333042,plausible,TRUE,FALSE POSITIVE
KIC 3443790,0,2.50992,0,1197.7,12.048,1.53,TRUE,1394.506842,1546.358361,3,0.508775368,ok,TRUE,,2.789,6261,F,0.939266436,10.52814356,plausible,TRUE,FALSE POSITIVE
KIC 7220322,0,0.7535,0,3276.9,0.904,0.72,TRUE,1402.969985,1432.097507,12,0.013637586,ok,TRUE,,1.175,5916,G,0.65453605,7.336629127,plausible,TRUE,FALSE POSITIVE
KIC 3765771,0,2.78424,0,789.5,4.343,0.91,TRUE,1073.927951,477.0646755,12,2.649863384,ok,TRUE,,2.147,6028,F,0.587039327,6.580065114,plausible,TRUE,FALSE POSITIVE
KIC 9040849,0,4.11822,0,2022.5,13.343,1.97,TRUE,2076.011943,2234.662485,21,0.72466202,ok,TRUE,,0.802,5944,G,0.35098228,3.934125274,plausible,TRUE,FALSE POSITIVE
KIC 8454250,0,3.24487,1.00E-05,1753,15.575,0.97,TRUE,1120.153953,1927.050858,2,1.135018273,ok,TRUE,,1,5780,G,0.407427834,4.566817848,plausible,TRUE,FALSE POSITIVE
KIC 10154388,0,0.43112,3.00E-05,42.2,1.914,0.29,TRUE,40.33799248,9.17799955,22,1.15232983,ok,TRUE,,0.933,5547,G,0.058994036,0.661258251,plausible,TRUE,CONFIRMED
KIC 11460018,0,4.27894,1.00E-05,763.1,11.81,1.32,TRUE,656.6973574,892.8286996,7,1.126433708,ok,TRUE,,0.831,5644,G,0.223382452,2.503871565,plausible,TRUE,CONFIRMED
KIC 10724369,0,16.76883,0.00021,987.3,80.49,1.52,TRUE,996.8305838,1169.502548,1,0.913133984,ok,TRUE,,0.962,5949,G,0.294144817,3.297039843,plausible,TRUE,CONFIRMED
KIC 7211469,0,0.53737,7.00E-05,75.9,1.741,0.25,TRUE,-13.7094913,56.3483474,62,1.961764335,ok,TRUE,,1.176,6096,F,0.099696898,1.11749256,plausible,TRUE,CONFIRMED
KIC 8222813,0,8.70667,1.00E-05,1022.9,24.03,2.49,TRUE,945.170939,993.7921306,10,0.267625324,ok,TRUE,,0.863,5074,K,0.268584701,3.010539058,plausible,TRUE,CONFIRMED
KIC 6946199,0,32.75761,0.00012,1659.9,106.135,3.48,TRUE,1312.607963,1604.386982,2,0.42191539,ok,TRUE,,0.85,5986,G,0.336997385,3.777369993,plausible,TRUE,CONFIRMED
KIC 12366084,0,16.76659,1.00E-05,1507.3,80.48,1.29,TRUE,1573.697004,1293.354959,1,0.899616587,ok,TRUE,,1.015,5714,G,0.383471068,4.298288849,plausible,TRUE,CONFIRMED
KIC 7219761,0,3.30165,,77.2,11.886,1.29,TRUE,47.12210919,116.3723188,2,2.807053012,ok,TRUE,,1,5778,G,0.085507226,0.958441951,plausible,TRUE,FALSE POSITIVE
KIC 3660924,0,11.68377,2.00E-05,501.5,56.082,1.1,TRUE,608.8431904,454.9023286,2,0.723230296,ok,TRUE,,1.047,5776,G,0.228168063,2.557512998,plausible,TRUE,CONFIRMED
KIC 5177104,0,15.17051,1.00E-05,552.6,72.818,1.58,TRUE,748.5121269,444.151462,2,2.729536536,ok,TRUE,,0.989,6201,F,0.226234282,2.535837439,plausible,TRUE,CONFIRMED
KIC 8874090,0,1.70052,5.00E-05,354.6,8.162,0.51,TRUE,286.45303,273.4274171,19,0.095829153,ok,TRUE,,0.45,3751,K,0.082460992,0.924297013,plausible,TRUE,CONFIRMED
KIC 5097868,0,15.37598,6.00E-05,957.3,73.805,0.7,TRUE,908.6509315,1052.7113,2,0.648208391,ok,TRUE,,0.816,5836,G,0.245679652,2.753798649,plausible,TRUE,FALSE POSITIVE
KIC 2715135,0,16.75205,1.00E-05,3047.8,80.41,1.16,TRUE,4419.533211,1808.756696,1,10.30277539,ok,FALSE,,0.632,4252,K,0.339523468,3.805684598,plausible,TRUE,CONFIRMED
KIC 7601633,0,4.82312,1.00E-05,540.9,21.415,1.69,TRUE,755.500069,196.8245772,2,4.554368503,ok,FALSE,,2.221,5996,G,0.50267007,5.634378544,plausible,TRUE,FALSE POSITIVE
KIC 5817553,0,4.20568,1.00E-05,1142.8,20.187,2.36,TRUE,1127.87718,1194.793648,7,0.798227297,ok,TRUE,,1.076,6306,F,0.353967729,3.967588875,plausible,TRUE,FALSE POSITIVE
KIC 7222086,0,1.68133,1.00E-05,111.2,8.07,1.28,TRUE,92.2601488,110.964673,5,0.828547099,ok,TRUE,,2.784,6546,F,0.285689625,3.202266438,plausible,TRUE,FALSE POSITIVE
KIC 8246781,0,12.53689,3.00E-05,318.3,60.177,1.02,TRUE,-73.04701562,505.4045346,2,6.152877299,ok,FALSE,,1.367,6025,F,0.237325141,2.660153772,plausible,TRUE,FALSE POSITIVE
KIC 8552583,0,0.53101,0,257.7,1.72,0.53,TRUE,55.08898623,203.3654889,63,2.196342922,ok,TRUE,,0.87,5730,G,0.135904211,1.523336714,plausible,TRUE,FALSE POSITIVE
KIC 7812167,0,14.47146,0.0001,323.4,64.253,0.78,TRUE,367.9675489,223.7359894,6,0.789333668,ok,TRUE,,1.044,6273,F,0.182695867,2.047819699,plausible,TRUE,FALSE POSITIVE
KIC 11456382,0,2.76848,1.00E-05,648.1,13.289,0.87,TRUE,690.1043818,390.1802283,3,2.248406169,ok,TRUE,,1.543,6366,F,0.382253325,4.284639297,plausible,TRUE,FALSE POSITIVE
KIC 6131236,0,0.42456,2.00E-05,82.2,2.038,0.17,TRUE,20.6111694,26.39158597,78,0.124716002,ok,TRUE,,0.97,6061,F,0.0855947,0.959422427,plausible,TRUE,CONFIRMED
KIC 10984090,0,0.43712,1.00E-05,31,2.098,0.32,TRUE,10.04817956,8.729922559,22,0.068681198,ok,TRUE,,1.022,5833,G,0.055345941,0.62036712,plausible,TRUE,CONFIRMED
KIC 12459725,0,1.35011,0.00016,587.3,1.62,0.62,TRUE,886.2980026,696.2444089,24,0.53584674,ok,TRUE,,0.878,5799,G,0.207061581,2.320932555,plausible,TRUE,FALSE POSITIVE
KIC 5288570,0,1.73059,1.00E-05,423.3,6.853,0.5,TRUE,284.9103594,494.0516461,19,1.839401965,ok,TRUE,,3.279,6153,F,0.65645049,7.358087897,plausible,TRUE,FALSE POSITIVE
KIC 8949247,0,15.17406,0,29070.2,41.88,9.31,FALSE,45689.10159,593.6347854,2,7.548621795,ok,FALSE,,0.957,5934,G,1.587806771,17.79756732,plausible,TRUE,FALSE POSITIVE
KIC 3228945,0,6.11992,0,1999.2,29.376,1.21,TRUE,1915.686706,2225.018356,14,1.009093207,ok,TRUE,,1.067,6143,F,0.464254966,5.203787488,plausible,TRUE,FALSE POSITIVE
KIC 10189557,0,0.4142,2.00E-05,119.2,1.988,0.2,TRUE,51.09531815,8.821632922,80,0.828504671,ok,TRUE,,0.788,5485,G,0.083733976,0.938565764,plausible,TRUE,FALSE POSITIVE
KIC 7542369,0,15.92138,2.00E-05,436.6,70.691,1.6,TRUE,363.6464739,334.1829009,2,0.261649886,ok,TRUE,,0.93,6319,F,0.189100162,2.11960481,plausible,TRUE,FALSE POSITIVE
KIC 9896558,0,6.85893,0.0004,294.9,27.161,0.8,TRUE,60.3505666,386.7075841,4,3.83668275,ok,FALSE,,1.08,6127,F,0.180480575,2.022988717,plausible,TRUE,CONFIRMED
KIC 5164255,0,15.37324,1.00E-05,14616.8,42.43,7.09,FALSE,14222.19817,13449.45861,5,0.490437152,ok,TRUE,,0.833,4986,K,0.980014798,10.98488787,plausible,TRUE,CONFIRMED
KIC 9466668,0,16.63786,1.00E-05,867.5,79.862,1.73,TRUE,912.3253006,1039.288051,2,0.762896142,ok,TRUE,,1.25,5553,G,0.35826277,4.015731568,plausible,TRUE,CONFIRMED
KIC 10854555,0,39.00959,0,3532.4,187.246,2.14,TRUE,2783.730575,4464.134977,2,6.851401639,ok,FALSE,,1.046,6031,F,0.604960762,6.78094468,plausible,TRUE,CONFIRMED
KIC 5456651,0,14.29478,2.00E-05,840.2,68.615,1.41,TRUE,823.2733388,812.6478975,2,0.089014574,ok,TRUE,,0.756,4959,K,0.213247052,2.390264884,plausible,TRUE,CONFIRMED
KIC 12470844,0,10.34278,2.00E-05,1018.5,37.234,1.41,TRUE,1735.737348,763.3391658,3,2.992801491,ok,TRUE,,0.788,5354,G,0.244717355,2.743012359,plausible,TRUE,CONFIRMED
KIC 757450,0,8.90007,0,12701.9,21.36,1.55,TRUE,8262.416745,12288.46017,3,1.27631922,ok,TRUE,,0.843,5332,G,0.924534815,10.36301829,plausible,TRUE,CONFIRMED
KIC 7663691,0,10.02009,2.00E-05,882.8,48.096,1.62,TRUE,749.3988195,663.9609519,3,0.677110446,ok,TRUE,,1.001,6063,F,0.28941322,3.244003844,plausible,TRUE,CONFIRMED
KIC 8737796,0,0.88437,0,3303.8,2.122,2.67,TRUE,3458.033331,3437.653276,10,0.061512788,ok,TRUE,,10.396,5487,G,5.814846896,65.17803737,too_large,FALSE,FALSE POSITIVE
KIC 5794379,0,16.63062,2.00E-05,1777.1,79.827,1.31,TRUE,1283.756696,2740.998391,2,3.360507869,ok,FALSE,,0.686,4702,K,0.281414638,3.154348532,plausible,TRUE,CONFIRMED
KIC 9269281,0,5.82175,1.00E-05,654.5,16.068,1.19,TRUE,748.1421459,563.9011498,15,1.070840064,ok,TRUE,,0.864,5774,G,0.215091873,2.410943296,plausible,TRUE,CONFIRMED
KIC 3003992,0,0.78816,2.00E-05,20.8,3.499,0.46,TRUE,10.72137859,25.11344487,12,1.334759167,ok,TRUE,,0.874,5370,G,0.038768035,0.434547025,plausible,TRUE,FALSE POSITIVE
KIC 11192141,0,3.36105,0,2044.1,16.133,1.58,TRUE,2362.969124,1708.279996,2,3.315054543,ok,FALSE,,15.76,4283,K,6.933844675,77.72077158,too_large,FALSE,FALSE POSITIVE
KIC 8299955,0,2.6146,1.00E-05,129.8,11.609,0.83,TRUE,149.5822402,50.56452841,3,1.89811927,ok,TRUE,,1.223,6180,F,0.135578421,1.519684958,plausible,TRUE,FALSE POSITIVE
KIC 11754553,0,12.2054,5.00E-05,5691.5,58.586,1.37,TRUE,5473.435502,4760.140603,2,3.890821583,ok,FALSE,,0.615,4126,K,0.451492747,5.060737054,plausible,TRUE,CONFIRMED
KIC 10223616,0,16.75915,5.00E-05,11342.5,46.255,2.01,TRUE,4355.733064,16356.00904,1,4.067495238,ok,FALSE,,0.481,4457,K,0.498495658,5.587587983,plausible,TRUE,FALSE POSITIVE
KIC 11497958,0,5.84135,1.00E-05,1798.1,9.113,1.78,TRUE,2390.554472,1656.561844,5,1.796155442,ok,TRUE,,0.383,3526,M,0.158041394,1.771470178,plausible,TRUE,CONFIRMED
KIC 1718189,0,10.63195,9.00E-05,257.7,51.033,0.92,TRUE,192.9015379,181.8978613,3,0.11100961,ok,TRUE,,0.876,5830,G,0.136856202,1.534007486,plausible,TRUE,CONFIRMED
KIC 9171801,0,3.18615,1.00E-05,974.5,6.5,1.06,TRUE,866.2489367,1190.064189,27,1.416223904,ok,TRUE,,0.811,5450,G,0.246359733,2.761421614,plausible,TRUE,FALSE POSITIVE
KIC 4037164,0,14.67638,0,1242.3,70.447,1.43,TRUE,-704.3365375,2130.534174,2,8.908820165,ok,FALSE,,0.55,3920,K,0.188639466,2.114440916,plausible,TRUE,FALSE POSITIVE
KIC 8892910,0,10.78805,0,4905.1,29.775,8.04,FALSE,5252.367808,4640.443177,3,0.64143115,ok,TRUE,,1.284,6211,F,0.875087369,9.808766814,plausible,TRUE,FALSE POSITIVE
KIC 9850893,0,14.67221,6.00E-05,2007.2,65.145,1.66,TRUE,2050.437883,1913.690208,2,0.680740306,ok,TRUE,,1.05,5401,G,0.457771578,5.13111584,plausible,TRUE,FALSE POSITIVE
KIC 5876368,0,0.52515,0,278.2,0.819,0.77,TRUE,124.3602792,241.0769457,63,1.749300428,ok,TRUE,,0.802,5791,G,0.13018044,1.459179529,plausible,TRUE,FALSE POSITIVE
KIC 4072526,0,12.74747,0.00014,1193.3,61.188,1.01,TRUE,-431.9067848,1960.539265,2,9.253281299,ok,FALSE,,0.88,5102,K,0.295810912,3.315714928,plausible,TRUE,CONFIRMED
KIC 2849805,0,14.11508,1.00E-05,263.5,67.752,1.15,TRUE,-2.907109712,434.3810692,2,5.868794073,ok,FALSE,,0.983,5751,G,0.155284505,1.740568484,plausible,TRUE,CONFIRMED
KIC 6311681,0,0.84498,0,1464.7,1.724,2.07,TRUE,1390.63882,1311.958544,39,0.552937453,ok,TRUE,,0.915,5705,G,0.34076314,3.819579963,plausible,TRUE,FALSE POSITIVE
KIC 3544689,0,9.62728,0,7251.3,46.211,0.91,TRUE,13195.62497,4594.756183,3,2.446719159,ok,TRUE,,0.911,5778,G,0.754897447,8.461569991,plausible,TRUE,FALSE POSITIVE
KIC 9097120,0,14.39114,0,11707.6,22.45,10.85,FALSE,-5.0177611,16743.71126,2,10.03409143,ok,FALSE,,0.924,6192,F,0.97289958,10.9051341,plausible,TRUE,FALSE POSITIVE
KIC 10872983,0,11.09785,2.00E-05,1519.6,49.274,1.54,TRUE,1727.612754,1222.449662,7,1.749313939,ok,TRUE,,0.972,6046,F,0.36871933,4.132938096,plausible,TRUE,CONFIRMED
KIC 5792202,0,13.85484,2.00E-05,11403.8,66.503,1.52,TRUE,12703.6455,11255.54456,2,2.930727692,ok,TRUE,,0.817,5251,G,0.849003487,9.51639518,plausible,TRUE,CONFIRMED
KIC 7661409,0,3.13551,1.00E-05,1263.1,15.05,1.77,TRUE,1340.365147,1194.54347,10,0.906369488,ok,TRUE,,0.974,6108,F,0.3368562,3.775787457,plausible,TRUE,FALSE POSITIVE
KIC 2445154,0,10.78515,4.00E-05,854.3,51.769,0.91,TRUE,916.7288565,692.7713299,3,1.362729986,ok,TRUE,,0.621,4502,K,0.176629825,1.979826046,plausible,TRUE,FALSE POSITIVE
KIC 7270230,0,7.00942,0,11780.7,33.645,1.41,TRUE,16257.15083,12282.96333,4,1.193441089,ok,TRUE,,0.829,5612,G,0.87559203,9.814423508,plausible,TRUE,FALSE POSITIVE
KIC 9579499,0,14.12522,0,5606.9,67.801,1.19,TRUE,4770.429893,6775.271304,2,1.903909045,ok,TRUE,,0.702,4859,K,0.511515649,5.733527755,plausible,TRUE,FALSE POSITIVE
KIC 6867766,0,9.58702,0,3186.5,46.018,1.51,TRUE,3196.891952,3562.381815,3,1.237335591,ok,TRUE,,1.033,6210,F,0.567436332,6.360337106,plausible,TRUE,FALSE POSITIVE
KIC 10002261,0,4.58884,0,34992.5,5.507,8.51,TRUE,-1435.128052,47709.85937,2,41.33645794,ok,FALSE,,0.116,2661,M,0.211158082,2.366849822,plausible,TRUE,FALSE POSITIVE
KIC 6507427,0,5.09636,2.00E-05,1360.4,24.463,1.25,TRUE,1257.308864,1089.035107,6,0.761176311,ok,TRUE,,1.007,6046,F,0.361428105,4.05121149,plausible,TRUE,FALSE POSITIVE
KIC 8655354,0,12.39608,1.00E-05,978.1,59.501,1.28,TRUE,1217.561742,594.1672402,2,1.529162545,ok,TRUE,,0.866,5931,G,0.263551152,2.954118505,plausible,TRUE,FALSE POSITIVE
KIC 8971432,0,0.62437,0,29400.8,0.974,2.73,TRUE,26470.16651,27284.17041,53,0.346137102,ok,TRUE,,0.618,5211,G,1.031169452,11.55827526,plausible,TRUE,FALSE POSITIVE
KIC 6060203,0,9.66806,0,571.4,46.407,0.85,TRUE,882.7344015,404.4847945,3,2.724260166,ok,TRUE,,1.02,5366,G,0.237273227,2.659571874,plausible,TRUE,CONFIRMED
KIC 8547140,0,12.90493,2.00E-05,1565.4,61.944,1.34,TRUE,1017.939469,1733.057388,2,2.561255029,ok,TRUE,,0.492,3823,K,0.189423521,2.123229306,plausible,TRUE,CONFIRMED
KIC 7938496,0,15.38959,3.00E-05,981.3,73.87,1.03,TRUE,540.4778079,1295.830539,2,2.589016579,ok,TRUE,,1.142,5942,G,0.34812576,3.902106828,plausible,TRUE,CONFIRMED
KIC 5270698,0,3.96781,0,24696.1,15.713,3.9,TRUE,25203.00884,24972.10389,8,0.132992988,ok,TRUE,,2.318,5758,G,3.544785299,39.73314393,too_large,FALSE,FALSE POSITIVE
KIC 3438507,0,8.66032,6.00E-05,480.3,41.57,0.95,TRUE,585.5463471,274.6324654,3,2.006043475,ok,TRUE,,1.044,6309,F,0.222647063,2.495628661,plausible,TRUE,CONFIRMED
KIC 3655332,0,15.06175,1.00E-05,5872.7,59.645,6.81,TRUE,6256.471505,5667.170335,2,0.507949664,ok,TRUE,,1.626,5751,G,1.21255174,13.5913712,plausible,TRUE,FALSE POSITIVE
KIC 6209637,0,0.74164,,288.4,3.56,0.97,TRUE,197.2113695,170.7450587,13,0.648955307,ok,TRUE,,1,5778,G,0.165266403,1.852454585,plausible,TRUE,FALSE POSITIVE
KIC 9825625,0,7.0541,1.00E-05,462.5,27.934,1.16,TRUE,613.3655262,276.5323145,4,1.799031808,ok,TRUE,,1.058,6321,F,0.221417808,2.481850064,plausible,TRUE,CONFIRMED
KIC 6058614,0,1.72325,0,10000.2,8.272,1.23,TRUE,8496.301948,9064.293255,51,0.843596295,ok,TRUE,,0.955,6045,F,0.929328806,10.41675365,plausible,TRUE,FALSE POSITIVE
KIC 5982368,0,19.55475,2.00E-05,4858.6,93.863,7.89,TRUE,4784.442157,4848.551814,4,0.14478999,ok,TRUE,,1.077,5766,G,0.730525608,8.188388489,plausible,TRUE,FALSE POSITIVE
KIC 12216278,0,0.40969,2.00E-05,98.2,1.967,0.08,TRUE,26.05410778,-18.87443461,219,1.091394563,ok,TRUE,,0.944,5884,G,0.091031491,1.020362883,plausible,TRUE,FALSE POSITIVE
KIC 9842906,0,4.99104,3.00E-05,642.4,23.957,1.01,TRUE,499.0833018,710.6782876,17,1.520107578,ok,TRUE,,1.171,6418,F,0.28881636,3.237313697,plausible,TRUE,FALSE POSITIVE
KIC 9391208,0,0.40853,4.00E-05,81.7,1.961,0.18,TRUE,4.988982613,63.98966755,81,1.309457611,ok,TRUE,,0.855,5818,G,0.075225771,0.843198148,plausible,TRUE,CONFIRMED
KIC 9512687,0,16.05064,2.00E-05,1935.8,77.043,1.61,TRUE,2767.715308,562.7028522,2,12.73016359,ok,FALSE,,0.798,5177,K,0.341658673,3.829617903,plausible,TRUE,CONFIRMED
KIC 8256049,0,13.51877,3.00E-05,2591.7,64.89,1.59,TRUE,1599.838469,3498.10855,2,4.633694567,ok,FALSE,,0.592,4187,K,0.293277763,3.287321113,plausible,TRUE,FALSE POSITIVE
KIC 6692833,0,0.46762,4.00E-05,57.1,2.245,0.2,TRUE,33.01716218,53.34247266,71,0.671688658,ok,TRUE,,0.998,6092,F,0.073389106,0.822611151,plausible,TRUE,FALSE POSITIVE
KIC 11177707,0,15.28744,0.00035,2301.8,49.531,2.69,TRUE,3631.494495,706.5082143,2,4.383823607,ok,FALSE,,1.659,5066,K,0.774541663,8.681760046,plausible,TRUE,CONFIRMED
KIC 6435936,0,16.76002,0.00028,9320.1,74.415,1.17,TRUE,15860.58592,6142.520824,1,44.09021823,ok,FALSE,,0.491,3593,M,0.461267623,5.170302663,plausible,TRUE,CONFIRMED
KIC 3230753,0,10.94434,0.00022,641,52.533,1.21,TRUE,-200.5976162,1013.225298,3,11.93664719,ok,FALSE,,0.831,5335,G,0.204740801,2.294919163,plausible,TRUE,FALSE POSITIVE
KIC 6301035,0,11.99791,2.00E-05,589.8,57.59,1.64,TRUE,368.0628635,560.884448,2,2.241169071,ok,TRUE,,1.072,6110,F,0.253344446,2.839712558,plausible,TRUE,FALSE POSITIVE
KIC 8262210,0,0.80559,1.00E-05,112.3,2.223,0.32,TRUE,64.91374836,80.35790642,110,0.44594556,ok,TRUE,,1.205,5580,G,0.124267367,1.392900486,plausible,TRUE,FALSE POSITIVE
KIC 9406990,0,10.43732,5.00E-05,851.4,33.817,1.3,TRUE,-441.0983534,1478.869255,3,6.679887868,ok,FALSE,,0.88,5537,G,0.249868189,2.800747543,plausible,TRUE,CONFIRMED
KIC 2440757,0,1.43382,0,1601.5,1.721,2.76,TRUE,1281.070152,1525.994025,23,1.156668123,ok,TRUE,,1.339,6017,F,0.521447632,5.844854364,plausible,TRUE,FALSE POSITIVE
KIC 4743513,0,2.09198,0,2377.5,3.263,3.66,TRUE,2327.265886,2320.034676,4,0.015435655,ok,TRUE,,1.417,6131,F,0.672347844,7.536279748,plausible,TRUE,FALSE POSITIVE
KIC 2165002,0,16.62663,5.00E-05,3728.1,79.808,1.69,TRUE,4109.799488,3325.558465,2,3.583739262,ok,FALSE,,0.716,4987,K,0.425419223,4.768481534,plausible,TRUE,CONFIRMED
KIC 6365321,0,0.84819,0,1438.8,1.018,1.96,TRUE,884.2318471,1896.014401,39,4.746380829,ok,FALSE,,0.936,5941,G,0.345491236,3.872576714,plausible,TRUE,FALSE POSITIVE
KIC 3869014,0,8.59219,4.00E-05,383.6,41.242,1.01,TRUE,253.2873949,438.8252084,3,1.099767776,ok,TRUE,,3.046,5684,G,0.580574691,6.507603656,plausible,TRUE,CONFIRMED
KIC 4275117,0,7.07366,0,285,28.012,0.79,TRUE,186.9109542,259.313742,4,0.694005015,ok,TRUE,,0.889,6089,F,0.146041358,1.636962982,plausible,TRUE,FALSE POSITIVE
KIC 6387450,0,3.66266,0,13285,7.472,4.45,TRUE,13285.05381,13033.24284,9,0.119059892,ok,TRUE,,0.798,5319,G,0.895047612,10.03249918,plausible,TRUE,FALSE POSITIVE
KIC 9032900,0,16.75811,0.00053,2858.3,80.439,4.7,TRUE,4967.007741,894.1078414,1,59.58120222,ok,FALSE,,1.744,6038,F,0.907316397,10.17001876,plausible,TRUE,CONFIRMED
KIC 8176653,0,14.76841,0,2970.4,70.888,1.22,TRUE,709.2051719,5010.816215,2,33.45157301,ok,FALSE,,0.764,5238,G,0.405196643,4.541808656,plausible,TRUE,FALSE POSITIVE
KIC 3337351,0,7.05212,0,59245.9,14.386,7.97,TRUE,53614.7653,53651.16083,4,0.003524827,ok,TRUE,,1.035,5730,G,2.451497692,27.47859248,plausible,TRUE,FALSE POSITIVE
KIC 7434875,0,9.42764,0,2856.6,22.626,1.77,TRUE,2072.48294,2599.715693,3,1.734218925,ok,TRUE,,0.779,5097,K,0.405154254,4.541333519,plausible,TRUE,CONFIRMED
KIC 8561063,0,0.45333,0,587.8,0.544,0.84,TRUE,464.7153032,578.0426386,73,0.661738729,ok,TRUE,,0.148,3292,M,0.034918414,0.391397012,plausible,TRUE,CONFIRMED
KIC 3114167,0,6.77475,1.00E-05,1237.2,13.82,2.23,TRUE,1153.534684,1340.957063,4,0.508283524,ok,TRUE,,0.679,5653,G,0.232404001,2.604993202,plausible,TRUE,CONFIRMED
KIC 3098184,0,41.67421,0.00016,94755.2,200.036,8.59,TRUE,52146.73036,127915.3489,2,13.35962711,ok,FALSE,,1.086,6384,F,3.253068425,36.46331867,too_large,FALSE,FALSE POSITIVE
KIC 10480982,0,15.17238,0,35712.6,41.876,9.16,TRUE,-910.1003763,58144.71023,2,7.618943301,ok,FALSE,,0.947,6117,F,1.741497536,19.52027173,plausible,TRUE,FALSE POSITIVE
KIC 9605514,0,16.7571,0.00017,642.2,80.434,1.34,TRUE,707.4976771,670.7990473,1,0.186973066,ok,TRUE,,1.031,6297,F,0.254249517,2.849857414,plausible,TRUE,CONFIRMED
KIC 3348082,0,0.4216,1.00E-05,71,2.024,0.19,TRUE,65.52453306,45.85529841,79,0.575315259,ok,TRUE,,1.548,5570,G,0.126911169,1.422534607,plausible,TRUE,FALSE POSITIVE
KIC 10415227,0,11.93857,4.00E-05,840.5,57.305,1.15,TRUE,606.4107794,887.6949693,2,0.983403517,ok,TRUE,,0.966,6106,F,0.272529727,3.054758457,plausible,TRUE,FALSE POSITIVE
KIC 10586208,0,9.31316,8.00E-05,232.6,44.703,1.02,TRUE,357.910108,139.97501,3,2.61738172,ok,TRUE,,1.354,5655,G,0.200931124,2.252216871,plausible,TRUE,CONFIRMED
KIC 8074805,0,3.30193,0.00013,164.6,14.661,0.47,TRUE,165.2680706,67.56210989,10,1.021487605,ok,TRUE,,1.324,5989,G,0.165297297,1.852800875,plausible,TRUE,FALSE POSITIVE
KIC 7684873,0,4.823,0,326.1,23.15,1.15,TRUE,218.7067748,487.0645094,2,17.00583728,ok,FALSE,,2.234,8090,A,0.392586406,4.400461764,plausible,TRUE,FALSE POSITIVE
KIC 6606653,0,2.6973,0,16060.9,12.947,2.92,TRUE,15776.87641,15978.14038,12,0.519494976,ok,TRUE,,1.211,6568,F,1.493451352,16.73994686,plausible,TRUE,FALSE POSITIVE
KIC 6066403,0,14.8611,0,974.2,71.333,1.14,TRUE,163.8979119,1879.984901,2,21.47881549,ok,FALSE,,0.902,5758,G,0.27396444,3.070840012,plausible,TRUE,FALSE POSITIVE
KIC 4139816,0,3.34089,6.00E-05,1533.8,5.212,1.16,TRUE,1069.129911,1806.858357,10,1.19627387,ok,TRUE,,0.493,3950,K,0.187883841,2.105971186,plausible,TRUE,CONFIRMED
KIC 4150539,0,13.04846,3.00E-05,1303.1,62.633,1.16,TRUE,1541.906381,1640.148658,2,0.245955553,ok,TRUE,,0.694,4641,K,0.243791141,2.732630526,plausible,TRUE,FALSE POSITIVE
KIC 10232123,0,1.34527,0,3439,2.099,2.98,TRUE,3406.597631,3284.091529,7,0.306846635,ok,TRUE,,2.312,6324,F,1.319370588,14.78869298,plausible,TRUE,FALSE POSITIVE
KIC 3442055,0,2.76802,0.00011,145.4,13.286,0.76,TRUE,93.96883874,127.4517245,3,0.425712154,ok,TRUE,,0.996,5618,G,0.116882056,1.310119275,plausible,TRUE,CONFIRMED
KIC 4180401,0,9.46029,0.00026,5730.3,45.409,1.47,TRUE,5143.556556,5592.45976,9,1.327949773,ok,TRUE,,0.856,5240,G,0.63055461,7.067823567,plausible,TRUE,FALSE POSITIVE
KIC 3235672,0,2.62147,,312.6,7.235,0.73,TRUE,202.2836282,302.8564524,12,0.645282228,ok,TRUE,,1,5778,G,0.172043524,1.928418654,plausible,TRUE,FALSE POSITIVE
KIC 10874926,0,16.15684,1.00E-05,2477,77.553,1.38,TRUE,1266.414537,2871.114065,2,21.19316894,ok,FALSE,,0.958,6014,F,0.463967841,5.200569129,plausible,TRUE,FALSE POSITIVE
KIC 5392702,0,13.0431,0.00019,4669.2,62.607,1.93,TRUE,6412.875832,3353.290293,2,22.74708855,ok,FALSE,,0.824,5435,G,0.547913978,6.141512991,plausible,TRUE,FALSE POSITIVE
KIC 6629332,0,4.30272,0,26679,20.653,1.96,TRUE,25956.71589,27088.86339,7,0.5059886,ok,TRUE,,0.82,5665,G,1.303348908,14.60910757,plausible,TRUE,FALSE POSITIVE
KIC 11442465,0,14.78374,6.00E-05,4193,65.64,3.08,TRUE,6949.566067,1175.980947,2,16.30004526,ok,FALSE,,0.705,5040,K,0.444236302,4.979400288,plausible,TRUE,FALSE POSITIVE
KIC 4136466,0,0.40516,2.00E-05,54.3,1.604,0.31,TRUE,-3.147929089,53.76359297,23,2.096073774,ok,TRUE,,1.257,6060,F,0.090149263,1.010474079,plausible,TRUE,CONFIRMED
KIC 9899355,0,1.33241,0,739.2,5.276,1.07,TRUE,635.1664263,625.3219561,67,0.120976916,ok,TRUE,,0.878,5995,G,0.232298792,2.603813929,plausible,TRUE,FALSE POSITIVE
KIC 6522242,0,13.94221,1.00E-05,11847.1,50.192,7.59,FALSE,22037.83159,368.0148535,2,30.63296834,ok,FALSE,,0.747,5522,G,0.791205535,8.868543726,plausible,TRUE,CONFIRMED
KIC 9157908,0,9.42708,2.00E-05,943.7,30.544,4.22,TRUE,793.0680828,863.3430115,3,0.393524198,ok,TRUE,,1.033,6406,F,0.308796298,3.461266825,plausible,TRUE,FALSE POSITIVE
KIC 10713616,0,1.68148,0.00028,100.2,8.071,0.62,TRUE,90.33337752,109.1687084,5,0.310058486,ok,TRUE,,2.562,6056,F,0.249548772,2.797167232,plausible,TRUE,CONFIRMED
KIC 9993529,0,16.28743,0,3768.7,78.18,1.07,TRUE,801.6876929,3266.868958,2,12.83835799,ok,FALSE,,0.767,4791,K,0.458198082,5.135896479,plausible,TRUE,FALSE POSITIVE
KIC 6462874,0,11.68473,8.00E-05,2251.7,56.087,1.39,TRUE,1026.212743,3082.523027,2,8.580006982,ok,FALSE,,0.58,4260,K,0.267818623,3.001952158,plausible,TRUE,FALSE POSITIVE
KIC 9963461,0,10.58299,0,96819.2,50.798,6.91,TRUE,96412.58005,97907.26873,8,0.243441871,ok,TRUE,,1.567,6168,F,4.744732976,53.18323746,too_large,FALSE,FALSE POSITIVE
KIC 9895709,0,1.81773,0,344.4,2.181,0.82,TRUE,394.8189692,307.7571371,18,0.597075425,ok,TRUE,,0.962,6153,F,0.173731366,1.947337513,plausible,TRUE,FALSE POSITIVE
KIC 10354039,0,11.44996,0.00019,440.5,54.96,0.89,TRUE,-197.6736474,675.9042106,2,3.176893932,ok,FALSE,,0.881,5043,K,0.179942733,2.016960096,plausible,TRUE,CONFIRMED
KIC 8607720,0,3.61922,8.00E-05,386.8,13.029,1.6,TRUE,361.6203612,320.5234619,2,0.49472021,ok,TRUE,,5.324,5066,K,1.018920386,11.42097671,plausible,TRUE,FALSE POSITIVE
KIC 5471574,0,11.6837,0,756.6,56.082,1.82,TRUE,874.951147,646.0472496,2,2.062838405,ok,TRUE,,3.028,6534,F,0.810510936,9.084936032,plausible,TRUE,FALSE POSITIVE
KIC 6066416,0,0.66099,0,37.3,2.618,0.58,TRUE,11.28479953,38.97394501,14,1.685688702,ok,TRUE,,1.521,6802,F,0.090406378,1.013356056,plausible,TRUE,FALSE POSITIVE
KIC 6631721,0,13.6821,2.00E-05,478.5,44.33,2.36,TRUE,711.4535248,442.2713845,2,1.291085124,ok,TRUE,,1.178,6375,F,0.250741235,2.810533431,plausible,TRUE,FALSE POSITIVE
KIC 9006449,0,10.95065,0.0001,276.3,52.563,0.95,TRUE,328.6012607,249.1268389,3,0.867356468,ok,TRUE,,0.886,5607,G,0.14331889,1.60644711,plausible,TRUE,CONFIRMED
KIC 7455287,0,14.48153,1.00E-05,2817.6,69.511,1.46,TRUE,1362.056584,3225.086412,2,11.85664216,ok,FALSE,,0.47,3713,K,0.242774132,2.721230973,plausible,TRUE,CONFIRMED
KIC 8505670,0,10.94529,2.00E-05,5084.2,52.537,1.36,TRUE,4659.734294,4292.904304,3,0.637289276,ok,TRUE,,0.591,4201,K,0.410071921,4.596455158,plausible,TRUE,CONFIRMED
KIC 11493732,0,12.20684,0.00016,1073.1,58.593,1.24,TRUE,5.118486427,1424.186177,2,3.285894136,ok,FALSE,,1.091,6144,F,0.347786379,3.898302744,plausible,TRUE,FALSE POSITIVE
KIC 7458762,0,1.68888,1.00E-05,237,8.107,0.57,TRUE,221.6735284,185.1254018,19,0.472455806,ok,TRUE,,0.919,5849,G,0.137682535,1.543269769,plausible,TRUE,CONFIRMED
KIC 9775938,0,15.59487,1.00E-05,5748,74.855,1.21,TRUE,402.3134923,13485.60356,2,39.14816211,ok,FALSE,,0.885,4954,K,0.652923189,7.318550737,plausible,TRUE,CONFIRMED
KIC 8672910,0,16.40237,1.00E-05,3771.6,78.731,1.1,TRUE,4116.329968,3034.627839,2,5.334000538,ok,FALSE,,0.9,5231,G,0.537858472,6.028801827,plausible,TRUE,CONFIRMED
KIC 11100657,0,10.2966,1.00E-05,6826.9,49.424,1.09,TRUE,4579.612819,5363.124926,8,0.871512511,ok,TRUE,,0.838,5447,G,0.673780086,7.552333609,plausible,TRUE,FALSE POSITIVE
KIC 3869825,0,2.40217,0,9827.7,11.53,2.19,TRUE,13054.33259,5274.421776,13,13.11664408,ok,FALSE,,1.241,6715,F,1.197182565,13.41909966,plausible,TRUE,FALSE POSITIVE
KIC 11254382,0,16.39484,0,1266.6,78.695,1.33,TRUE,1898.89416,875.7003494,2,2.982441016,ok,TRUE,,1.176,5632,G,0.407281053,4.5651726,plausible,TRUE,CONFIRMED
KIC 4135665,0,0.44969,2.00E-05,300.5,0.54,0.4,TRUE,25.40605666,-58.08102021,74,0.514017335,ok,TRUE,,1.313,5689,G,0.221497649,2.482744993,plausible,TRUE,CONFIRMED
KIC 5021737,0,3.48469,1.00E-05,2100.3,11.29,2.76,TRUE,87.47318472,2632.320247,2,5.348215227,ok,FALSE,,1.441,6501,F,0.642645817,7.203352697,plausible,TRUE,FALSE POSITIVE
KIC 11774387,0,0.52011,0,482.1,0.624,0.62,TRUE,465.7253159,360.6345293,170,0.984314266,ok,TRUE,,0.889,5776,G,0.189946883,2.129095615,plausible,TRUE,FALSE POSITIVE
KIC 10910878,0,16.05078,1.00E-05,4957,52.005,3.88,TRUE,4451.15956,5627.999803,2,2.12949781,ok,TRUE,,0.848,5031,K,0.580989587,6.512254186,plausible,TRUE,CONFIRMED
KIC 6422070,0,3.76816,1.00E-05,535.3,12.209,0.93,TRUE,795.5825821,539.3831354,8,1.250537116,ok,TRUE,,0.949,5653,G,0.213658876,2.394880974,plausible,TRUE,CONFIRMED
KIC 8757910,0,0.65868,0,172.5,1.581,0.97,TRUE,154.27044,155.5814081,14,0.02199825,ok,TRUE,,2.089,6426,F,0.266993376,2.992702057,plausible,TRUE,FALSE POSITIVE
KIC 6061119,0,15.58585,0,13041,43.017,9.2,FALSE,22151.692,317.4593858,2,11.17669875,ok,FALSE,,0.785,5862,G,0.872341445,9.777988027,plausible,TRUE,CONFIRMED
KIC 6153672,0,3.4537,0,4818.8,16.578,1.06,TRUE,4889.957433,4429.418142,9,0.57360356,ok,TRUE,,0.775,5813,G,0.523518705,5.868068818,plausible,TRUE,FALSE POSITIVE
KIC 10482160,0,8.0983,1.00E-05,362.2,38.872,0.69,TRUE,472.2188454,105.5590935,4,2.001270665,ok,TRUE,,0.762,5757,G,0.141116083,1.581756068,plausible,TRUE,CONFIRMED
KIC 11359879,0,4.93902,0,10152.5,11.854,7.12,FALSE,10435.31384,10278.37056,6,0.302403176,ok,TRUE,,0.978,5514,G,0.958929605,10.74854605,plausible,TRUE,CONFIRMED
KIC 5444549,0,31.16782,3.00E-05,8270,123.425,9.01,TRUE,7762.581186,7923.737043,2,0.088227073,ok,TRUE,,1,5919,G,0.884944256,9.919251666,plausible,TRUE,FALSE POSITIVE
KIC 5728283,0,6.19822,0,44645.6,29.751,5.2,TRUE,45232.4416,44948.0446,14,0.434258955,ok,TRUE,,0.898,6038,F,1.846408519,20.69620844,plausible,TRUE,FALSE POSITIVE
KIC 2302548,0,12.128,2.00E-05,8199.6,58.214,1.68,TRUE,9427.216882,8697.229684,2,1.295696868,ok,TRUE,,0.78,5095,K,0.687310435,7.703993932,plausible,TRUE,CONFIRMED
KIC 9016295,0,9.97378,0,13050.7,32.315,5.03,TRUE,-187.9867103,21647.35237,3,4.502891568,ok,FALSE,,0.997,6108,F,1.108343307,12.42330929,plausible,TRUE,FALSE POSITIVE
KIC 10874226,0,12.00264,1.00E-05,3005.9,28.806,4.32,TRUE,3611.997303,2851.581184,2,1.696470757,ok,TRUE,,0.943,6146,F,0.503103497,5.639236783,plausible,TRUE,FALSE POSITIVE
KIC 11599038,0,15.60728,5.00E-05,581.9,74.915,0.76,TRUE,527.9934629,366.2804569,2,0.731309507,ok,TRUE,,0.967,6052,F,0.226996758,2.544383962,plausible,TRUE,CONFIRMED
KIC 9911882,0,3.37596,1.00E-05,299.4,13.369,0.71,TRUE,450.0541249,188.9777777,9,1.972656263,ok,TRUE,,0.729,5632,G,0.122754897,1.375947368,plausible,TRUE,FALSE POSITIVE
KIC 10090257,0,11.39133,2.00E-05,642.3,54.678,1.13,TRUE,739.9660095,379.4725607,2,1.29777401,ok,TRUE,,0.654,4583,K,0.161294061,1.807929006,plausible,TRUE,FALSE POSITIVE
KIC 9887224,0,12.33539,0,1011.6,59.21,0.96,TRUE,-342.5914422,1659.103404,2,13.3689972,ok,FALSE,,0.832,5099,K,0.257503048,2.886325913,plausible,TRUE,FALSE POSITIVE
KIC 3241557,0,0.51454,1.00E-05,61.8,0.803,0.33,TRUE,58.69894884,25.4933159,65,0.939410655,ok,TRUE,,0.904,6026,F,0.069135334,0.774931043,plausible,TRUE,FALSE POSITIVE
KIC 11122894,0,13.37231,6.00E-05,456.7,64.187,1.58,TRUE,123.5816283,558.1765801,2,3.729407002,ok,FALSE,,0.897,5618,G,0.186529451,2.090789962,plausible,TRUE,CONFIRMED
KIC 6960913,0,13.60149,0.00015,1945.9,65.287,1.02,TRUE,-1030.893025,2972.531143,2,18.44520445,ok,FALSE,,0.599,4016,K,0.257128544,2.882128142,plausible,TRUE,CONFIRMED
KIC 6153201,0,0.53026,0,1488.5,1.082,1.53,TRUE,1292.948497,1288.81444,169,0.040100922,ok,TRUE,,1.038,6184,F,0.389704049,4.36815371,plausible,TRUE,FALSE POSITIVE
KIC 8349405,0,3.59301,,307.4,17.246,0.36,TRUE,362.6068831,149.6857803,9,1.603202717,ok,TRUE,,1,5778,G,0.170612285,1.912376036,plausible,TRUE,FALSE POSITIVE
KIC 12066335,0,0.42878,4.00E-05,491.1,0.515,0.24,TRUE,-272.5588387,-299.7157121,78,0.074158408,ok,TRUE,,0.56,4077,K,0.120769087,1.353688614,plausible,TRUE,CONFIRMED
KIC 4275191,0,3.89845,0,7622,7.953,5.12,TRUE,7327.879935,7540.25954,8,0.225004985,ok,TRUE,,0.774,5557,G,0.65756415,7.370570804,plausible,TRUE,CONFIRMED
KIC 8963721,0,3.61571,0,321.8,13.017,0.78,TRUE,385.6365322,236.8482248,9,1.652404005,ok,TRUE,,1.008,5700,G,0.175949059,1.972195408,plausible,TRUE,FALSE POSITIVE
KIC 7199774,0,2.35332,2.00E-05,16275.5,5.648,1.37,TRUE,19664.6425,9346.079006,4,1.843759891,ok,TRUE,,0.894,5868,G,1.109855595,12.44026038,plausible,TRUE,FALSE POSITIVE
KIC 7989422,0,10.38496,3.00E-05,166.8,33.647,1.62,TRUE,147.2877349,157.3182932,3,0.239295682,ok,TRUE,,1.953,5957,G,0.245441961,2.751134399,plausible,TRUE,FALSE POSITIVE
KIC 6621116,0,15.37372,3.00E-05,802.8,73.794,1.52,TRUE,1037.100874,505.2938685,2,1.955800061,ok,TRUE,,1.452,5323,G,0.400343225,4.487407172,plausible,TRUE,FALSE POSITIVE
KIC 4932348,0,15.58687,0,47317.8,37.408,10.64,TRUE,76034.31601,1081.159375,2,28.16730293,ok,FALSE,,0.932,5575,G,1.972831771,22.11327404,plausible,TRUE,FALSE POSITIVE
KIC 5982353,0,4.27538,0,208.9,20.522,1.24,TRUE,366.3548685,138.9184667,2,3.91662173,ok,FALSE,,1.831,6208,F,0.257508196,2.886383618,plausible,TRUE,FALSE POSITIVE
KIC 12110786,0,16.64545,1.00E-05,1091.8,79.898,1.38,TRUE,272.6102743,1798.882416,2,14.51573919,ok,FALSE,,0.972,6046,F,0.312538197,3.503209392,plausible,TRUE,FALSE POSITIVE
KIC 4075015,0,7.92382,0,495.5,28.526,0.82,TRUE,449.2690329,510.9831802,4,0.32889302,ok,TRUE,,0.849,5776,G,0.183902654,2.061346463,plausible,TRUE,FALSE POSITIVE
KIC 7831264,0,5.96369,1.00E-05,482.9,23.616,1.81,TRUE,462.1704235,525.466718,5,0.645951533,ok,TRUE,,1.439,6122,F,0.307716071,3.449158672,plausible,TRUE,CONFIRMED
KIC 9787239,0,16.51072,1.00E-05,1521.7,79.251,1.41,TRUE,2817.20621,643.5633288,2,7.850739636,ok,FALSE,,0.498,3731,K,0.189042481,2.11895826,plausible,TRUE,CONFIRMED
KIC 3853673,0,0.96676,0,304.4,1.16,0.65,TRUE,250.215988,409.4767121,34,1.016469423,ok,TRUE,,0.83,5958,G,0.14090633,1.579404958,plausible,TRUE,FALSE POSITIVE
KIC 10843203,0,4.42916,0,2325,9.035,2.81,TRUE,1881.183681,2543.208711,20,1.153237735,ok,TRUE,,0.809,5344,G,0.379593028,4.254820292,plausible,TRUE,FALSE POSITIVE
KIC 8956706,0,41.77712,0.00017,937.3,200.53,1.18,TRUE,1002.019147,727.1703607,2,0.859583132,ok,TRUE,,0.735,5062,K,0.21897443,2.454462494,plausible,TRUE,FALSE POSITIVE
KIC 6956014,0,4.27563,0,2823.6,18.984,0.99,TRUE,5124.707249,291.0508801,2,54.17186822,ok,FALSE,,24.488,4094,K,12.66242348,141.9318385,too_large,FALSE,FALSE POSITIVE
KIC 11913073,0,3.76405,0,398.5,12.196,1.65,TRUE,455.1336512,350.0004393,2,0.978662871,ok,TRUE,,0.826,5514,G,0.160449765,1.798465376,plausible,TRUE,FALSE POSITIVE
KIC 9904059,0,1.28124,0.00058,192.6,6.15,0.57,TRUE,168.7771756,146.4296739,7,0.252188041,ok,TRUE,,7.119,5047,K,0.961437555,10.7766574,plausible,TRUE,FALSE POSITIVE
KIC 7287995,0,6.71428,1.00E-05,3081.8,32.229,1.09,TRUE,3920.303072,1871.492443,4,7.408711315,ok,FALSE,,0.633,4261,K,0.341953321,3.832920581,plausible,TRUE,CONFIRMED
KIC 4570931,0,11.68488,0,355.1,56.087,1.33,TRUE,359.5331802,342.8317929,2,0.146377089,ok,TRUE,,1.132,6309,F,0.207588049,2.326833684,plausible,TRUE,FALSE POSITIVE
KIC 2558363,0,13.05019,0,924.9,62.641,0.72,TRUE,1068.279934,957.8663416,6,0.24337039,ok,TRUE,,0.714,5414,G,0.211307683,2.368526693,plausible,TRUE,FALSE POSITIVE
KIC 10858691,0,9.04836,1.00E-05,765.8,43.432,1.18,TRUE,724.1556587,702.4951682,3,0.095192083,ok,TRUE,,0.829,5576,G,0.223242182,2.502299298,plausible,TRUE,CONFIRMED
KIC 10538176,0,12.69355,4.00E-05,707.1,41.127,1.17,TRUE,632.0366424,852.5955762,6,1.084603834,ok,TRUE,,0.882,5291,G,0.228229322,2.558199649,plausible,TRUE,CONFIRMED
KIC 1725016,0,7.41103,4.00E-05,604.2,24.012,1,TRUE,682.1279868,508.354624,12,1.281351867,ok,TRUE,,0.961,5922,G,0.229872436,2.576617147,plausible,TRUE,CONFIRMED
KIC 9334289,0,11.69226,1.00E-05,1798.1,56.123,1.41,TRUE,517.7513976,2622.409781,2,3.98370447,ok,FALSE,,1.06,5561,G,0.437401485,4.902789501,plausible,TRUE,CONFIRMED
KIC 3962243,0,16.38405,0.00021,896.9,78.643,1.04,TRUE,49.25959228,1527.618719,2,11.41657234,ok,FALSE,,0.974,5779,G,0.283847684,3.181620308,plausible,TRUE,CONFIRMED
KIC 4476123,0,12.1932,0.0001,1127.8,39.506,1.7,TRUE,1168.532283,508.6309266,2,1.109560875,ok,TRUE,,0.734,5395,G,0.239873809,2.688721536,plausible,TRUE,CONFIRMED
KIC 11512246,0,4.00384,2.00E-05,235.7,19.218,1.41,TRUE,105.6368035,330.1726854,2,6.347639988,ok,FALSE,,1.518,5761,G,0.226779179,2.541945145,plausible,TRUE,CONFIRMED
KIC 10864656,0,0.47336,0.00015,66.9,2.272,0.34,TRUE,59.19690939,15.92548545,20,1.220428067,ok,TRUE,,4.157,4976,K,0.33083986,3.708350908,plausible,TRUE,CONFIRMED
KIC 5358624,0,3.52467,0,19452.5,7.19,6.34,TRUE,17850.84,20631.64133,9,2.191677116,ok,TRUE,,0.793,5150,K,1.076272815,12.06383436,plausible,TRUE,CONFIRMED
KIC 3441784,0,0.51055,5.00E-05,849.2,0.613,0.56,TRUE,1024.392964,786.3529681,19,0.309945281,ok,TRUE,,1.717,7240,F,0.486894903,5.457556278,plausible,TRUE,FALSE POSITIVE
KIC 8242681,0,4.01761,0,16788,13.017,3.7,TRUE,17803.56834,16061.27871,8,0.95056739,ok,TRUE,,1.033,6210,F,1.302452596,14.59906091,plausible,TRUE,FALSE POSITIVE
KIC 9474493,0,10.68524,0,730.8,51.289,1.05,TRUE,628.174802,484.0582999,3,0.803751223,ok,TRUE,,0.82,5547,G,0.215710151,2.417873514,plausible,TRUE,FALSE POSITIVE
KIC 11607193,0,0.57088,7.00E-05,910.1,2.74,0.95,TRUE,679.0032143,528.1670164,17,0.850502616,ok,TRUE,,1.739,7443,F,0.510507699,5.722229746,plausible,TRUE,FALSE POSITIVE
KIC 8113154,0,2.57875,0,23325.9,11.45,2.54,TRUE,23508.10812,25211.71416,3,0.574412206,ok,TRUE,,1.172,6812,F,1.741841315,19.52412512,plausible,TRUE,FALSE POSITIVE
KIC 9838949,0,12.82676,1.00E-05,2782,61.568,1.14,TRUE,2018.51513,2600.720398,2,5.416114372,ok,FALSE,,0.861,4929,K,0.44191986,4.953435517,plausible,TRUE,CONFIRMED
KIC 9761882,0,14.77787,9.00E-05,677.7,65.614,1.17,TRUE,937.4023449,602.1233535,2,1.091012212,ok,TRUE,,0.749,5474,G,0.189736603,2.126738615,plausible,TRUE,CONFIRMED
KIC 9071386,0,4.70342,0,13133.8,20.883,5.01,TRUE,12556.49,12904.07832,2,0.216072137,ok,TRUE,,1.47,6365,F,1.639357866,18.37539839,plausible,TRUE,FALSE POSITIVE
KIC 6276477,0,14.30019,2.00E-05,684.2,68.641,1.35,TRUE,597.8858232,707.0686419,2,0.589568963,ok,TRUE,,0.918,5501,G,0.233660677,2.619079167,plausible,TRUE,CONFIRMED
KIC 12062667,0,2.89621,2.00E-05,464.5,13.902,1.09,TRUE,342.7468894,360.1683048,3,0.127537338,ok,TRUE,,2.251,6634,F,0.472114722,5.291886711,plausible,TRUE,FALSE POSITIVE
KIC 5725087,0,1.74353,0,1216.7,8.369,0.76,TRUE,1836.483931,762.4111633,5,2.138930067,ok,TRUE,,31.5,4448,K,10.69191902,119.8446511,too_large,FALSE,FALSE POSITIVE
KIC 10971674,0,2.38209,0,28352.6,7.718,4.13,TRUE,28667.53588,29173.91468,14,0.275086282,ok,TRUE,,1.129,5821,G,1.849918831,20.73555519,plausible,TRUE,FALSE POSITIVE
KIC 2574201,0,16.75298,0.00029,6658,80.414,1.91,TRUE,7796.006219,6558.763386,1,5.365656173,ok,FALSE,,0.44,3687,M,0.349370668,3.91606088,plausible,TRUE,FALSE POSITIVE
KIC 4365442,0,11.05213,1.00E-05,175.8,53.05,1.12,TRUE,252.4976784,105.5898315,3,2.892924319,ok,TRUE,,2.498,6340,F,0.322319348,3.612845345,plausible,TRUE,FALSE POSITIVE
KIC 8583696,0,8.97194,9.00E-05,143.5,35.529,0.86,TRUE,224.8584522,82.02555844,3,2.189815064,ok,TRUE,,1.167,5900,G,0.136056253,1.525040935,plausible,TRUE,CONFIRMED
KIC 9641018,0,1.08948,0,261.6,2.615,1,TRUE,140.3700497,309.9010845,30,2.994582901,ok,TRUE,,0.881,5947,G,0.138663935,1.554270178,plausible,TRUE,FALSE POSITIVE
KIC 9579641,0,2.68938,0,374.7,6.455,1.6,TRUE,329.9801225,520.5500016,3,2.768500213,ok,TRUE,,1.087,5779,G,0.204757267,2.29510373,plausible,TRUE,CONFIRMED
KIC 2166206,0,2.65112,2.00E-05,151.1,12.725,0.85,TRUE,104.4279397,125.4898248,3,0.398047173,ok,TRUE,,1.707,5949,G,0.204193926,2.288789299,plausible,TRUE,FALSE POSITIVE
KIC 4049131,0,11.16339,3.00E-05,7039.1,53.584,0.95,TRUE,2426.805668,9265.037942,2,3.178566878,ok,FALSE,,0.761,4905,K,0.621307505,6.964173696,plausible,TRUE,CONFIRMED
KIC 9842890,0,4.98641,3.00E-05,769.4,23.935,1.12,TRUE,783.8723115,655.8753359,18,0.990660587,ok,TRUE,,0.823,5819,G,0.222143052,2.489979261,plausible,TRUE,FALSE POSITIVE
KIC 12506351,0,1.23107,0,37160.8,2.511,2.19,TRUE,30380.03295,20871.83397,7,1.469129279,ok,TRUE,,1.044,6207,F,1.958416333,21.95169283,plausible,TRUE,FALSE POSITIVE
KIC 5738346,0,9.76579,0.0001,1371.5,46.876,0.91,TRUE,1313.271412,1005.604226,9,0.937129144,ok,TRUE,,0.534,3900,K,0.19244181,2.157061,plausible,TRUE,FALSE POSITIVE
KIC 3935914,0,1.59469,0,12815.3,2.488,4.21,TRUE,13275.89961,13127.14494,55,0.28633119,ok,TRUE,,0.893,5934,G,0.983733514,11.02657058,plausible,TRUE,CONFIRMED
KIC 3245969,0,16.62573,9.00E-05,1128.9,79.804,1.07,TRUE,990.3720526,1288.253538,2,0.914134533,ok,TRUE,,0.728,4983,K,0.238024467,2.667992448,plausible,TRUE,CONFIRMED
KIC 9077124,0,3.16615,0,1223.8,10.258,1.14,TRUE,1196.013592,1143.821248,28,0.318955557,ok,TRUE,,0.998,6007,F,0.339739405,3.80810502,plausible,TRUE,CONFIRMED
KIC 6685526,0,13.05046,1.00E-05,1504.7,62.642,1.01,TRUE,631.3997418,1941.899777,2,11.56313435,ok,FALSE,,0.81,5265,G,0.305749827,3.427119233,plausible,TRUE,CONFIRMED
KIC 9347899,0,16.76045,2.00E-05,1352.1,80.45,2.58,TRUE,1033.287013,1609.649331,1,2.839888548,ok,TRUE,,1.257,6035,F,0.449779928,5.041538239,plausible,TRUE,CONFIRMED
KIC 3240706,0,5.49514,2.00E-05,668.8,11.21,1.23,TRUE,505.6315229,535.9756102,6,0.134085556,ok,TRUE,,0.96,5982,G,0.24158259,2.70787509,plausible,TRUE,FALSE POSITIVE
KIC 8742590,0,14.21437,0.0002,469.1,68.229,1.38,TRUE,159.2004767,658.6144869,2,7.364719242,ok,FALSE,,0.849,5776,G,0.178945406,2.005781158,plausible,TRUE,CONFIRMED
KIC 8766222,0,5.29688,2.00E-05,2142.1,25.425,1.09,TRUE,1554.51562,2449.673868,16,2.438938773,ok,TRUE,,14.296,4631,K,6.438601845,72.16964422,too_large,FALSE,FALSE POSITIVE
KIC 10599397,0,0.93726,0,3279.4,4.499,1.58,TRUE,1550.119909,1559.55376,35,0.164542255,ok,TRUE,,0.843,5480,G,0.469771236,5.265618803,plausible,TRUE,FALSE POSITIVE
KIC 2851100,0,16.75309,0,1710.8,80.415,1.27,TRUE,1019.061109,2077.888422,1,2.553523819,ok,TRUE,,0.711,4768,K,0.286171696,3.207669929,plausible,TRUE,FALSE POSITIVE
KIC 12061238,0,1.68519,0,351.2,8.089,0.35,TRUE,290.3187377,214.1543529,19,0.516296195,ok,TRUE,,0.759,5198,K,0.138416532,1.551497062,plausible,TRUE,FALSE POSITIVE
KIC 7357531,0,11.87513,0.00037,471.4,57.001,0.92,TRUE,453.1617819,255.6234744,2,1.195429284,ok,TRUE,,1.086,5714,G,0.229449447,2.571875904,plausible,TRUE,FALSE POSITIVE
KIC 9034103,0,15.3777,3.00E-05,775,73.813,0.98,TRUE,-403.1830245,1344.235067,2,7.449511232,ok,FALSE,,0.993,6014,F,0.269005907,3.015260306,plausible,TRUE,CONFIRMED
KIC 5530882,0,0.62981,4.00E-05,50.2,3.023,0.2,TRUE,16.92018356,36.08489391,53,0.681368642,ok,TRUE,,0.834,5706,G,0.057473037,0.64420952,plausible,TRUE,FALSE POSITIVE
KIC 8560840,0,16.76079,0.0002,871.7,80.452,1.58,TRUE,467.9519505,1037.716795,1,3.524578222,ok,FALSE,,0.774,4931,K,0.222372346,2.492549393,plausible,TRUE,FALSE POSITIVE
KIC 8414716,0,5.39119,1.00E-05,1088.6,14.88,2.03,TRUE,1179.181549,857.2469754,6,1.023137899,ok,TRUE,,0.801,5198,K,0.25716943,2.882586422,plausible,TRUE,CONFIRMED
KIC 7802136,0,11.00487,0,33079.5,35.656,7.34,TRUE,37162.44083,33064.46427,3,0.463268428,ok,TRUE,,0.897,5952,G,1.587574702,17.79496607,plausible,TRUE,FALSE POSITIVE
KIC 4391348,0,0.45282,2.00E-05,81.4,2.174,0.1,TRUE,35.14839123,16.20452364,198,0.53312321,ok,TRUE,,1.121,6306,F,0.098447243,1.103485307,plausible,TRUE,FALSE POSITIVE
KIC 3247396,0,0.65867,2.00E-05,72.5,2.608,0.55,TRUE,47.59606991,62.84768962,14,0.370898428,ok,TRUE,,2.404,6200,F,0.199203451,2.232851563,plausible,TRUE,FALSE POSITIVE
KIC 4076098,0,3.99054,0,5473.5,8.141,3.58,TRUE,5563.071183,5767.204366,22,0.591493081,ok,TRUE,,0.913,5926,G,0.657305275,7.367669099,plausible,TRUE,CONFIRMED
KIC 3247268,0,12.19255,6.00E-05,1585.8,29.262,3.33,TRUE,1703.072878,1562.541766,2,0.267932542,ok,TRUE,,1.081,5822,G,0.418898198,4.695388011,plausible,TRUE,CONFIRMED
KIC 5956656,0,10.94569,0,1050.8,52.539,1.54,TRUE,1329.928074,929.9312765,3,1.412395992,ok,TRUE,,1.107,5553,G,0.349203428,3.914186301,plausible,TRUE,CONFIRMED
KIC 4466677,0,11.10668,1.00E-05,510.3,53.312,1.27,TRUE,486.1455998,509.4262338,3,0.117172036,ok,TRUE,,0.96,5823,G,0.211025218,2.365360563,plausible,TRUE,CONFIRMED
KIC 10987985,0,0.44969,5.00E-05,1693,0.54,0.42,TRUE,-596.1730391,-873.2657452,74,0.299563415,ok,TRUE,,0.826,5015,K,0.330728974,3.707107992,plausible,TRUE,CONFIRMED
KIC 7832356,0,14.38891,0,7504.1,69.067,1.22,TRUE,9055.276464,5747.777605,6,2.459207202,ok,TRUE,,1.135,5847,G,0.956771924,10.72436082,plausible,TRUE,CONFIRMED
KIC 8127639,0,1.02356,0,838.5,1.228,0.83,TRUE,728.0470931,999.0157255,87,1.799153334,ok,TRUE,,0.893,5741,G,0.251631434,2.820511577,plausible,TRUE,FALSE POSITIVE
KIC 11774303,0,1.86931,0,421.5,8.973,0.66,TRUE,449.2979473,277.5153159,17,1.127268947,ok,TRUE,,1.276,6521,F,0.254920802,2.85738178,plausible,TRUE,FALSE POSITIVE
KIC 5024450,0,1.52557,0,20081,3.112,3.39,TRUE,17294.37944,21735.11084,58,3.698327385,ok,FALSE,,1.06,6203,F,1.461708556,16.38414503,plausible,TRUE,FALSE POSITIVE
KIC 3547091,0,3.43338,1.00E-05,17753,16.48,1.12,TRUE,17873.87383,18215.10157,25,0.149134918,ok,TRUE,,0.707,5534,G,0.916678768,10.27496065,plausible,TRUE,FALSE POSITIVE
KIC 4828341,0,36.11398,4.00E-05,2614.3,56.338,5.04,TRUE,2843.440675,3093.630103,2,0.391414365,ok,TRUE,,0.912,5921,G,0.453765984,5.086217541,plausible,TRUE,FALSE POSITIVE
KIC 5396122,0,15.43995,3.00E-05,2451.4,24.086,2.58,TRUE,2330.004679,2510.799626,5,0.263463856,ok,TRUE,,0.991,5895,G,0.477467171,5.351881774,plausible,TRUE,FALSE POSITIVE
KIC 7585481,0,8.10047,0,6304.1,29.162,5.2,TRUE,5811.634444,6191.347107,4,0.55986732,ok,TRUE,,1.076,6214,F,0.83135229,9.318544688,plausible,TRUE,CONFIRMED
KIC 11812062,0,3.73061,0,4276,8.953,4.33,TRUE,4128.716439,4006.27306,8,0.255066451,ok,TRUE,,0.809,5497,G,0.514786663,5.770192231,plausible,TRUE,CONFIRMED
KIC 2441495,0,1.49459,1.00E-05,193,3.587,0.89,TRUE,262.7957612,92.46057013,6,1.768949009,ok,TRUE,,0.795,5207,G,0.107462285,1.204534001,plausible,TRUE,CONFIRMED
KIC 7289162,0,12.26278,3.00E-05,443,58.861,1.65,TRUE,297.0147931,582.0917183,2,3.09653787,ok,FALSE,,1.065,6204,F,0.218131079,2.445009446,plausible,TRUE,FALSE POSITIVE
KIC 10419312,0,15.06913,1.00E-05,845.2,72.332,1.62,TRUE,617.9088117,854.89278,2,1.55939916,ok,TRUE,,4.131,5002,K,1.168674055,13.09955061,plausible,TRUE,FALSE POSITIVE
KIC 6351097,0,8.01188,8.00E-05,354.4,38.457,0.68,TRUE,414.3252648,211.3025497,4,2.374132223,ok,TRUE,,0.911,5753,G,0.166898456,1.870748106,plausible,TRUE,FALSE POSITIVE
KIC 11465813,0,10.78968,0.00124,435.6,51.79,0.96,TRUE,40.1056029,734.4453678,3,3.223261533,ok,FALSE,,0.983,5520,G,0.199642607,2.237774014,plausible,TRUE,FALSE POSITIVE
KIC 7135852,0,4.22177,0,1984.6,11.652,1.38,TRUE,2378.062675,1658.805382,7,1.250841963,ok,TRUE,,0.517,3837,K,0.224126143,2.512207529,plausible,TRUE,CONFIRMED
KIC 6784235,0,3.16603,0,789.3,6.459,0.86,TRUE,448.9964558,836.1173827,10,1.768408543,ok,TRUE,,0.94,5895,G,0.256989581,2.880570509,plausible,TRUE,CONFIRMED
KIC 9820483,0,3.5844,0,2319.3,8.603,2.99,TRUE,2462.073588,2158.458421,24,1.775537276,ok,TRUE,,0.922,5739,G,0.432090229,4.843256169,plausible,TRUE,CONFIRMED
KIC 10925113,0,16.54515,7.00E-05,593.5,79.417,1.01,TRUE,377.2702293,755.5621334,5,2.280085501,ok,TRUE,,0.689,5096,K,0.163344455,1.830911664,plausible,TRUE,FALSE POSITIVE
KIC 7255336,0,1.20737,0,1831.1,1.883,3.34,TRUE,2163.263298,1837.661797,8,0.805419649,ok,TRUE,,1.349,6218,F,0.561738645,6.296472303,plausible,TRUE,FALSE POSITIVE
KIC 6531491,0,7.1622,4.00E-05,759.5,17.189,0.78,TRUE,976.9956289,557.4522582,12,2.622884866,ok,TRUE,,1.039,6022,F,0.27864037,3.123252046,plausible,TRUE,FALSE POSITIVE
KIC 7515670,0,14.87228,1.00E-05,412.8,71.387,0.94,TRUE,-36.37946731,547.0487232,2,5.215629,ok,FALSE,,0.865,6191,F,0.171020355,1.916950053,plausible,TRUE,FALSE POSITIVE
KIC 5866099,0,11.00054,9.00E-05,568.9,30.361,1.79,TRUE,-218.3132051,798.3310136,3,11.81066895,ok,FALSE,,1.239,5589,G,0.287566978,3.2233095,plausible,TRUE,FALSE POSITIVE
KIC 4649305,0,11.33268,1.00E-05,1506.8,31.278,5.35,TRUE,-200.3925177,2059.400807,2,7.827520414,ok,FALSE,,1.333,6968,F,0.503530309,5.644020879,plausible,TRUE,FALSE POSITIVE
KIC 5652237,0,0.42147,1.00E-05,63.6,2.023,0.36,TRUE,12.63317149,43.99328353,23,1.028167366,ok,TRUE,,1.985,6093,F,0.154100283,1.72729466,plausible,TRUE,FALSE POSITIVE
KIC 4551663,0,10.10652,8.00E-05,430.3,48.511,1.19,TRUE,288.9955415,485.3574563,3,1.920385843,ok,TRUE,,0.845,5370,G,0.170567229,1.911871017,plausible,TRUE,FALSE POSITIVE
KIC 5771719,0,12.26755,0,9179.9,39.747,2.96,TRUE,7713.981489,10806.78235,2,3.951051958,ok,FALSE,,2.344,5372,G,2.185432804,24.49629775,plausible,TRUE,FALSE POSITIVE
KIC 5212220,0,1.07017,0,150.1,5.137,0.81,TRUE,138.4689059,83.29511294,9,1.19002753,ok,TRUE,,3.204,5988,G,0.382036399,4.282207797,plausible,TRUE,FALSE POSITIVE
KIC 5649956,0,1.2078,0,36584.6,2.899,2.21,TRUE,46063.15854,26726.10131,73,10.07086798,ok,FALSE,,0.797,5601,G,1.483437789,16.62770583,plausible,TRUE,FALSE POSITIVE
KIC 7830637,0,15.06649,0.00019,5614.2,66.895,4.11,TRUE,-270.5021809,10120.19527,2,20.81219122,ok,FALSE,,0.847,6036,F,0.617575071,6.922337217,plausible,TRUE,FALSE POSITIVE
KIC 4639868,0,0.54291,0,57.9,1.108,0.56,TRUE,56.33139521,43.38766877,17,0.461268218,ok,TRUE,,0.973,5465,G,0.072044321,0.807537593,plausible,TRUE,FALSE POSITIVE
KIC 8378634,0,4.54754,1.00E-05,730.2,21.828,1.4,TRUE,619.4340863,809.8439183,7,1.323267315,ok,TRUE,,1.217,6506,F,0.320012178,3.586984501,plausible,TRUE,FALSE POSITIVE
KIC 3240158,0,7.42544,2.00E-05,558.2,26.732,1.47,TRUE,549.4116778,471.8218411,4,0.540254515,ok,TRUE,,1.176,6049,F,0.27038129,3.030676839,plausible,TRUE,CONFIRMED
KIC 6721123,0,3.6807,2.00E-05,204.1,11.925,1.1,TRUE,126.6144612,290.2213165,9,2.488599662,ok,TRUE,,1.958,6227,F,0.272225938,3.051353312,plausible,TRUE,FALSE POSITIVE
KIC 8689373,0,10.2934,2.00E-05,1558.5,28.41,1.98,TRUE,2088.968919,948.1264658,3,2.030817119,ok,TRUE,,0.775,5196,K,0.297724453,3.337163621,plausible,TRUE,CONFIRMED
KIC 11288505,0,3.62217,9.00E-05,357.3,14.344,0.64,TRUE,468.2971976,307.7653532,9,0.80775334,ok,TRUE,,0.84,5775,G,0.154517261,1.731968531,plausible,TRUE,CONFIRMED
KIC 4042026,0,16.75998,1.00E-05,9971.9,80.448,5.04,TRUE,18269.45902,-187.3160394,1,62.55542247,ok,FALSE,,0.784,5114,K,0.761844353,8.539437169,plausible,TRUE,FALSE POSITIVE
KIC 4844004,0,0.40179,0,92.8,1.929,0.18,TRUE,82.59724149,62.75627065,83,0.415336955,ok,TRUE,,0.824,5435,G,0.077259443,0.86599337,plausible,TRUE,FALSE POSITIVE
KIC 7842610,0,0.97179,0,2189.7,1.516,2.81,TRUE,1781.61001,2106.989788,34,1.330215453,ok,TRUE,,0.931,5592,G,0.423936379,4.751860483,plausible,TRUE,FALSE POSITIVE
KIC 7008149,0,0.51558,0,317.5,0.804,0.43,TRUE,282.0665124,206.5674485,174,0.802360485,ok,TRUE,,0.73,5068,K,0.126573892,1.418754098,plausible,TRUE,FALSE POSITIVE
KIC 5629985,0,1.13353,1.00E-05,106.5,2.312,0.43,TRUE,102.4044521,97.31434328,29,0.07567942,ok,TRUE,,0.856,5788,G,0.085946551,0.963366293,plausible,TRUE,FALSE POSITIVE
KIC 5529738,0,0.76014,0,160.4,2.737,0.51,TRUE,104.5202452,149.1822418,44,0.927535581,ok,TRUE,,1.123,6386,F,0.138387026,1.551166335,plausible,TRUE,FALSE POSITIVE
KIC 6878167,0,0.83429,0,295.1,1.301,0.94,TRUE,204.3789267,301.2513958,40,1.312406947,ok,TRUE,,0.871,5747,G,0.145589556,1.631898777,plausible,TRUE,FALSE POSITIVE
KIC 8804455,0,16.76947,3.00E-05,1214.7,80.493,1.11,TRUE,620.2561217,1589.099787,1,8.930673129,ok,FALSE,,1.091,5716,G,0.370018494,4.147500296,plausible,TRUE,CANDIDATE
KIC 3556220,0,16.03099,0,649.6,76.949,1.5,TRUE,428.90427,885.3046937,2,4.248005094,ok,FALSE,,1.334,5959,G,0.330861763,3.708596411,plausible,TRUE,FALSE POSITIVE
KIC 10268907,0,0.55192,0,317,0.662,0.5,TRUE,334.9488976,194.6634399,162,1.543516737,ok,TRUE,,0.746,5409,G,0.12925186,1.448771177,plausible,TRUE,FALSE POSITIVE
KIC 8191672,0,3.55055,0,5847.7,14.06,4.19,TRUE,6071.375828,5654.563159,2,0.890316726,ok,TRUE,,1.746,6290,F,1.299270926,14.56339788,plausible,TRUE,CONFIRMED
KIC 8678594,0,15.59951,0.00026,605.8,37.439,1.46,TRUE,653.6156001,720.8185129,2,0.187330254,ok,TRUE,,1.593,5588,G,0.381553848,4.276798927,plausible,TRUE,CONFIRMED
KIC 5513866,0,0.75427,0,129,2.715,0.54,TRUE,97.00619831,103.6487786,44,0.181910284,ok,TRUE,,1,5780,G,0.110525739,1.238871956,plausible,TRUE,FALSE POSITIVE
KIC 7211141,0,13.76912,0.0001,1797.3,61.135,2.9,TRUE,2932.11835,398.1069632,2,8.913224648,ok,FALSE,,1.442,5671,G,0.594883383,6.667988349,plausible,TRUE,CONFIRMED
KIC 9899280,0,12.68161,0,3240,60.872,1.2,TRUE,5722.627258,2374.886643,2,9.928357316,ok,FALSE,,0.609,4489,K,0.337328854,3.781085387,plausible,TRUE,FALSE POSITIVE
KIC 5023956,0,1.82503,0,1333.9,4.38,2.23,TRUE,1161.299875,1309.020811,18,1.014031502,ok,TRUE,,0.793,6190,F,0.281839282,3.159108329,plausible,TRUE,FALSE POSITIVE
KIC 6392727,0,7.25664,0,6944.1,34.832,1.29,TRUE,7441.35504,6092.711849,4,1.995852691,ok,TRUE,,0.877,5815,G,0.711161841,7.971341963,plausible,TRUE,CONFIRMED
KIC 5210475,0,1.00889,0,371.4,1.211,0.56,TRUE,366.3640409,306.1543177,89,0.707542517,ok,TRUE,,0.795,5708,G,0.14909319,1.671170663,plausible,TRUE,FALSE POSITIVE
KIC 11769801,0,4.00387,0.00031,197.5,19.219,0.93,TRUE,-46.78445431,351.0938304,2,6.133867128,ok,FALSE,,1.921,6440,F,0.26272887,2.944901627,plausible,TRUE,FALSE POSITIVE
KIC 9271752,0,11.33761,2.00E-05,549.3,36.734,1.35,TRUE,363.3576613,552.5509814,2,1.182670012,ok,TRUE,,1.009,6244,F,0.230127654,2.579477856,plausible,TRUE,CONFIRMED
KIC 6774826,0,0.66455,3.00E-05,130.2,3.19,0.62,TRUE,63.70748305,79.26728451,133,0.913939283,ok,TRUE,,2.145,7131,F,0.238154545,2.669450482,plausible,TRUE,FALSE POSITIVE
KIC 3858949,0,6.09279,0.00017,275.8,29.245,0.83,TRUE,369.7753677,212.9591448,5,1.090334571,ok,TRUE,,0.796,5372,G,0.128627794,1.441776084,plausible,TRUE,FALSE POSITIVE
KIC 10747445,0,4.59291,1.00E-05,37645.7,7.165,3.06,TRUE,38921.20208,38132.27963,14,0.16066599,ok,TRUE,,0.884,5717,G,1.669060229,18.7083292,plausible,TRUE,FALSE POSITIVE
KIC 6383821,0,11.62411,9.00E-05,499.8,55.796,1.51,TRUE,479.0178246,517.9159141,2,0.265828687,ok,TRUE,,0.965,5936,G,0.209935545,2.353146527,plausible,TRUE,CONFIRMED
KIC 1161345,0,3.55021,2.00E-05,5429.8,17.041,1,TRUE,-1792.918478,11455.72037,2,112.7893484,ok,FALSE,,0.815,5296,G,0.584402751,6.550511995,plausible,TRUE,CONFIRMED
KIC 9842937,0,0.50709,5.00E-05,146.7,1.034,0.34,TRUE,163.5662587,10.69953899,66,2.379536074,ok,TRUE,,0.961,5695,G,0.113271198,1.269645533,plausible,TRUE,FALSE POSITIVE
KIC 8746295,0,6.85948,3.00E-05,408.3,16.463,1.22,TRUE,146.526971,560.5489642,4,2.82290555,ok,TRUE,,0.883,5734,G,0.173634193,1.946248302,plausible,TRUE,FALSE POSITIVE
KIC 4860932,0,3.09154,6.00E-05,317.1,10.017,0.86,TRUE,114.6389623,363.1288587,10,2.154108241,ok,TRUE,,0.952,6075,F,0.164979061,1.849233794,plausible,TRUE,FALSE POSITIVE
KIC 10485250,0,20.38349,1.00E-05,27813.8,97.841,1.29,TRUE,21634.08378,27659.19776,4,2.022116635,ok,TRUE,,0.786,5152,K,1.275599583,14.29806816,plausible,TRUE,FALSE POSITIVE
KIC 5108214,0,2.13946,2.00E-05,74.4,10.269,0.93,TRUE,80.52744776,52.12311128,4,0.995458333,ok,TRUE,,2.377,5799,G,0.199468271,2.235819899,plausible,TRUE,FALSE POSITIVE
KIC 8183911,0,0.43126,4.00E-05,36.2,2.07,0.19,TRUE,26.87112641,0.562152123,77,1.360306925,ok,TRUE,,2.124,5300,G,0.124287832,1.393129879,plausible,TRUE,FALSE POSITIVE
KIC 8279765,0,2.75738,0,30111.2,4.302,5.73,TRUE,31021.92538,31030.77803,12,0.004747588,ok,TRUE,,0.891,5747,G,1.504540262,16.86424134,plausible,TRUE,FALSE POSITIVE
KIC 7622486,0,16.26799,2.00E-05,76794.4,44.9,7.33,TRUE,130847.6365,13912.01231,2,8.023557498,ok,FALSE,,1.691,6594,F,4.56005706,51.11322359,too_large,FALSE,FALSE POSITIVE
KIC 5130369,0,9.96771,6.00E-05,1505.2,47.845,4.19,TRUE,144.120848,2125.426669,3,20.60170753,ok,FALSE,,1.895,9651,A,0.715423287,8.019108084,plausible,TRUE,FALSE POSITIVE
KIC 7531677,0,0.42255,1.00E-05,40.1,1.673,0.23,TRUE,23.68663025,22.87653727,79,0.043139858,ok,TRUE,,1.369,5864,G,0.084356447,0.945542974,plausible,TRUE,FALSE POSITIVE
KIC 11909839,0,10.404,0,13658.3,49.939,6.59,TRUE,13554.84315,13449.70974,8,0.246278437,ok,TRUE,,0.924,5746,G,1.050828985,11.77863701,plausible,TRUE,FALSE POSITIVE
KIC 8107380,0,14.02882,2.00E-05,603.7,62.288,2.81,TRUE,592.4360326,622.344906,2,0.273711658,ok,TRUE,,1.124,5788,G,0.268735404,3.012228271,plausible,TRUE,CONFIRMED
KIC 3232859,0,8.40025,0,1028.1,10.08,2.62,TRUE,944.8155873,1142.801893,3,0.394809118,ok,TRUE,,1.795,6089,F,0.560068739,6.277754494,plausible,TRUE,FALSE POSITIVE
KIC 10426656,0,6.06069,2.00E-05,416.3,19.637,1.19,TRUE,667.2824019,242.7825675,5,2.704411333,ok,TRUE,,1.004,5334,G,0.199330274,2.234273103,plausible,TRUE,CONFIRMED
KIC 11304958,0,1.69278,8.00E-05,284.1,8.125,0.45,TRUE,201.591767,217.627938,19,0.142804766,ok,TRUE,,1.046,5468,G,0.171565881,1.923064808,plausible,TRUE,CONFIRMED
KIC 6191521,0,16.04254,0.00015,618.9,71.229,1.11,TRUE,74.39473654,1060.695306,2,3.909705536,ok,FALSE,,1.238,5510,G,0.299701234,3.359321162,plausible,TRUE,CONFIRMED
KIC 8953257,0,3.22085,0,36051.8,6.571,4.42,TRUE,36218.57692,35147.66061,10,0.314243311,ok,TRUE,,1.041,6250,F,1.923428766,21.5595207,plausible,TRUE,FALSE POSITIVE
KIC 2141783,0,14.86832,0.0007,865.7,71.368,1.66,TRUE,1247.765788,414.9139421,2,7.08592545,ok,FALSE,,1.411,6056,F,0.403980585,4.528177974,plausible,TRUE,FALSE POSITIVE
KIC 11918099,0,2.33734,0,821.1,3.646,0.82,TRUE,908.9222151,615.4443882,14,2.00262079,ok,TRUE,,0.765,5005,K,0.213315768,2.391035107,plausible,TRUE,CONFIRMED
KIC 1996679,0,16.03882,0.00034,1277.1,57.74,4.11,TRUE,393.1962396,2419.294108,2,5.423031745,ok,FALSE,,1.095,6148,F,0.38079276,4.268267968,plausible,TRUE,FALSE POSITIVE
KIC 10407221,0,7.49105,0,1810,35.957,0.86,TRUE,1081.946119,2297.884059,11,4.764631584,ok,FALSE,,0.663,4643,K,0.274482537,3.076647312,plausible,TRUE,FALSE POSITIVE
KIC 3116412,0,1.45147,5.00E-05,85.1,6.967,0.38,TRUE,77.73040243,85.9931756,23,0.194762468,ok,TRUE,,1.242,5765,G,0.111500485,1.249797783,plausible,TRUE,CONFIRMED
KIC 7174351,0,2.99712,0,432.1,13.307,0.59,TRUE,216.3041881,471.923456,11,1.339503977,ok,TRUE,,0.876,5650,G,0.177202562,1.9862458,plausible,TRUE,FALSE POSITIVE
KIC 4243911,0,16.76198,0,3509.6,80.457,0.9,TRUE,4842.708085,3204.585976,1,6.31258353,ok,FALSE,,0.815,5194,K,0.469840615,5.266396468,plausible,TRUE,CONFIRMED
KIC 11188249,0,33.08982,1.00E-05,349.8,51.62,2.09,TRUE,290.6371849,241.5222829,2,0.324978448,ok,TRUE,,1.748,6257,F,0.318154787,3.566165196,plausible,TRUE,FALSE POSITIVE
KIC 3337425,0,7.47562,3.00E-05,573.9,8.971,1.55,TRUE,669.5510571,646.5961563,4,0.107319581,ok,TRUE,,1.068,5766,G,0.248972805,2.790711276,plausible,TRUE,FALSE POSITIVE
KIC 8397446,0,0.49327,0,652.7,1.361,0.79,TRUE,402.6304459,625.2897451,191,4.355750756,ok,FALSE,,1.385,6243,F,0.344323013,3.859482216,plausible,TRUE,FALSE POSITIVE
KIC 10342041,0,0.9353,0,2283.2,3.704,2.22,TRUE,2387.850166,2340.227066,35,0.394912578,ok,TRUE,,0.716,5252,G,0.332927753,3.731753895,plausible,TRUE,FALSE POSITIVE
KIC 12504988,0,5.09727,0,20816.8,16.515,5.74,TRUE,20888.43379,22489.0529,6,0.655348823,ok,TRUE,,1.035,6197,F,1.453145315,16.28816052,plausible,TRUE,FALSE POSITIVE
KIC 7019489,0,29.18113,0.00013,1750.7,140.069,1.69,TRUE,1044.969327,1725.133567,3,1.367621369,ok,TRUE,,0.805,5485,G,0.32776254,3.673857534,plausible,TRUE,FALSE POSITIVE
KIC 8686150,0,11.22185,1.00E-05,1162.7,53.865,1.44,TRUE,144.093212,1622.949558,2,7.098495727,ok,FALSE,,1.147,6257,F,0.380597583,4.266080248,plausible,TRUE,FALSE POSITIVE
KIC 10527135,0,16.52187,0,1502.2,79.305,1.28,TRUE,1300.32167,1665.592706,2,1.528933093,ok,TRUE,,0.847,5430,G,0.319458793,3.580781664,plausible,TRUE,FALSE POSITIVE
KIC 6448890,0,1.75985,0.00012,227.1,5.702,1.03,TRUE,146.218083,229.855921,5,0.828616268,ok,TRUE,,4.361,4838,K,0.639550742,7.168660317,plausible,TRUE,CONFIRMED
KIC 10879208,0,0.66855,0,2740.3,1.043,1.99,TRUE,1963.803612,2875.865436,132,4.4605223,ok,FALSE,,0.81,5546,G,0.412613695,4.624945651,plausible,TRUE,FALSE POSITIVE
KIC 2716853,0,0.42214,8.00E-05,129.5,2.026,0.13,TRUE,-22.51809031,4.634378095,210,0.469396637,ok,TRUE,,0.86,5687,G,0.095240205,1.067537933,plausible,TRUE,CONFIRMED
KIC 8509361,0,6.09337,2.00E-05,305,16.818,0.84,TRUE,166.4237705,371.4791946,5,2.638245283,ok,TRUE,,1.971,5743,G,0.33497504,3.75470173,plausible,TRUE,FALSE POSITIVE
KIC 6866228,0,8.5289,1.00E-05,17819.9,40.939,1.43,TRUE,20674.33073,17311.67798,3,2.103354921,ok,TRUE,,0.83,5598,G,1.078184488,12.08526211,plausible,TRUE,FALSE POSITIVE
KIC 4044005,0,3.42154,0,1517.1,4.106,2.76,TRUE,42.50010993,2277.340228,2,3.090830093,ok,FALSE,,1.132,6224,F,0.429061913,4.809312072,plausible,TRUE,FALSE POSITIVE
KIC 8560285,0,34.89563,3.00E-05,24648.8,167.499,10.26,TRUE,192.945603,45242.21561,2,25.18260636,ok,FALSE,,0.898,6004,F,1.371943491,15.3779774,plausible,TRUE,FALSE POSITIVE
KIC 3116302,0,7.57637,0.01484,188.2,36.367,1,TRUE,278.8861371,87.1328703,4,2.272534035,ok,TRUE,,1.053,6154,F,0.140560361,1.575527029,plausible,TRUE,FALSE POSITIVE
KIC 9823457,0,8.09989,1.00E-05,751.1,19.44,1.54,TRUE,919.1444021,906.5818326,4,0.053277542,ok,TRUE,,0.887,5926,G,0.236561633,2.651595686,plausible,TRUE,CONFIRMED
KIC 5308663,0,40.15443,0,1046.5,144.556,1.5,TRUE,1139.542799,914.2358079,2,0.513929732,ok,TRUE,,0.904,5997,G,0.28457589,3.189782688,plausible,TRUE,FALSE POSITIVE
KIC 8167959,0,4.58822,0.01043,61.6,22.023,1,TRUE,-15.7617047,93.69309754,2,4.011147027,ok,FALSE,,1.412,5800,G,0.107844258,1.208815509,plausible,TRUE,FALSE POSITIVE
KIC 9150827,0,14.03411,5.00E-05,1581.1,67.364,0.97,TRUE,3456.217886,857.0329618,2,7.736002581,ok,FALSE,,0.553,3957,K,0.213977559,2.398453062,plausible,TRUE,CONFIRMED
KIC 9391506,0,15.71195,5.00E-05,523.6,69.761,1.4,TRUE,481.1453881,400.7539785,2,0.366671713,ok,TRUE,,1.025,6191,F,0.228236271,2.558277536,plausible,TRUE,CONFIRMED
KIC 11030711,0,0.44206,0.00117,95.1,2.122,0.16,TRUE,6.967100729,25.16747898,75,0.360743995,ok,TRUE,,0.969,5644,G,0.091975523,1.030944441,plausible,TRUE,CONFIRMED
KIC 2584163,0,16.38292,0.00016,590.8,72.74,1.23,TRUE,982.1299731,270.3866082,2,2.914860372,ok,TRUE,,0.966,5959,G,0.228485113,2.56106678,plausible,TRUE,CONFIRMED
KIC 11153539,0,4.50217,2.00E-05,493.6,17.829,0.85,TRUE,547.4515322,242.316669,7,1.626342578,ok,TRUE,,0.969,6075,F,0.209487563,2.348125142,plausible,TRUE,CONFIRMED
KIC 5542983,0,0.86407,2.00E-05,124,1.037,0.9,TRUE,46.90786331,83.29685848,11,0.473860378,ok,TRUE,,1.855,6063,F,0.200969097,2.252642514,plausible,TRUE,FALSE POSITIVE
KIC 7050060,0,11.16182,0.00035,357.5,53.577,1.49,TRUE,247.6144195,323.7185237,2,0.815336388,ok,TRUE,,1.26,5974,G,0.231822393,2.598474026,plausible,TRUE,FALSE POSITIVE
KIC 2713049,0,13.60043,1.00E-05,765.4,65.282,1.35,TRUE,484.3063548,886.6632742,2,2.339831115,ok,TRUE,,1.062,5519,G,0.28590623,3.20469434,plausible,TRUE,CONFIRMED
KIC 8804283,0,11.39623,7.00E-05,383.6,54.702,1.06,TRUE,24.14430725,507.0895601,2,3.004947798,ok,FALSE,,1.053,5478,G,0.200688331,2.249495429,plausible,TRUE,CONFIRMED
KIC 8822366,0,0.64515,0.00011,62.4,0.774,0.74,TRUE,71.51902624,52.13799942,15,0.458507467,ok,TRUE,,1.571,5977,G,0.120775541,1.35376096,plausible,TRUE,CONFIRMED
KIC 4055774,0,6.58631,8.00E-05,361.9,29.243,0.55,TRUE,585.1896745,197.4123292,13,2.356615068,ok,TRUE,,0.822,5616,G,0.152173741,1.705700246,plausible,TRUE,FALSE POSITIVE
KIC 2157247,0,2.84083,1.00E-05,3785.8,13.636,1.67,TRUE,4034.028825,3553.209261,11,4.662992619,ok,FALSE,,0.956,6052,F,0.572399007,6.415963227,plausible,TRUE,FALSE POSITIVE
KIC 11152159,0,2.70148,1.00E-05,899.3,5.511,1.37,TRUE,872.2558071,678.2960531,32,1.113220481,ok,TRUE,,0.91,5550,G,0.265561159,2.976648473,plausible,TRUE,FALSE POSITIVE
KIC 2164169,0,15.06213,0.00017,506.4,72.298,1.35,TRUE,359.3088836,461.9921417,2,0.69901016,ok,TRUE,,1.494,5821,G,0.327163902,3.667147458,plausible,TRUE,CONFIRMED
KIC 9520668,0,0.40905,1.00E-05,465.2,0.491,0.34,TRUE,57.41837066,81.69785196,81,0.082036336,ok,TRUE,,0.728,4502,K,0.152795793,1.712672759,plausible,TRUE,FALSE POSITIVE
KIC 9415172,0,9.9717,2.00E-05,903.3,32.308,1.65,TRUE,535.8396305,865.0228644,3,1.373020153,ok,TRUE,,1.013,5344,G,0.296269231,3.320852181,plausible,TRUE,CONFIRMED
KIC 8885673,0,14.03246,0,6457.3,67.356,0.88,TRUE,-250.860659,10419.32977,2,36.68346933,ok,FALSE,,0.764,4897,K,0.59741927,6.696412853,plausible,TRUE,FALSE POSITIVE
KIC 7815931,0,12.1331,1.00E-05,669.8,58.239,1.28,TRUE,690.5826858,819.6019771,2,1.505469244,ok,TRUE,,1.023,6065,F,0.257646212,2.88793063,plausible,TRUE,FALSE POSITIVE
KIC 3644653,0,16.15021,0.00282,1249,52.327,1.64,TRUE,1967.770665,709.6012974,2,2.291483933,ok,TRUE,,0.911,5778,G,0.313301323,3.511763195,plausible,TRUE,FALSE POSITIVE
KIC 3749365,0,1.97361,0,24420.6,3.079,4.4,TRUE,23154.10145,23365.85274,44,0.122200542,ok,TRUE,,0.503,3807,K,0.764906288,8.57375809,plausible,TRUE,CONFIRMED
KIC 7626506,0,8.40015,4.00E-05,726.4,23.184,2.61,TRUE,620.57987,858.2720349,3,2.177264166,ok,TRUE,,0.812,5551,G,0.212959129,2.387037581,plausible,TRUE,CONFIRMED
KIC 3233043,0,7.84167,0,10686.8,37.64,1.76,TRUE,13103.89769,10848.26687,4,3.734973704,ok,FALSE,,1.783,5075,K,1.793645366,20.10479155,plausible,TRUE,FALSE POSITIVE
KIC 11303815,0,1.69534,1.00E-05,1792.3,8.138,1.58,TRUE,1745.615479,1790.061707,19,0.298085893,ok,TRUE,,1.009,5387,G,0.415679662,4.659311762,plausible,TRUE,FALSE POSITIVE
KIC 11974540,0,3.13723,1.00E-05,300.5,15.059,1.49,TRUE,230.165803,266.6889461,3,0.408935758,ok,TRUE,,9.327,5313,G,1.573321704,17.63520564,plausible,TRUE,CONFIRMED
KIC 9602514,0,10.78758,1.00E-05,1701.8,51.78,1.03,TRUE,1109.031012,996.339953,3,0.618104948,ok,TRUE,,1.843,4951,K,0.739850664,8.292912107,plausible,TRUE,FALSE POSITIVE
KIC 10583180,0,1.35094,1.00E-05,273.8,5.998,0.58,TRUE,262.1098281,140.546115,24,1.503631091,ok,TRUE,,0.819,4989,K,0.131867444,1.478088988,plausible,TRUE,FALSE POSITIVE
KIC 8676038,0,3.17093,,204.6,11.415,0.54,TRUE,147.9929355,209.3259425,10,0.49313566,ok,TRUE,,1,5778,G,0.139196545,1.560240148,plausible,TRUE,FALSE POSITIVE
KIC 6022556,0,3.71192,0,1654.1,10.245,1.77,TRUE,1545.620491,1930.403567,9,1.225110847,ok,TRUE,,0.978,5727,G,0.387057728,4.338491367,plausible,TRUE,CONFIRMED
KIC 7907423,0,16.3866,1.00E-05,2184.3,78.656,1.24,TRUE,2610.990126,1979.64527,2,2.717528161,ok,TRUE,,0.411,3561,M,0.18692163,2.095185863,plausible,TRUE,CONFIRMED
KIC 10682541,0,19.18897,1.00E-05,3586.3,92.107,1.54,TRUE,4166.816063,3340.933914,4,2.464941179,ok,TRUE,,0.847,5339,G,0.493593347,5.532638471,plausible,TRUE,CONFIRMED
KIC 11018648,0,16.52584,6.00E-05,1059.8,73.375,1.96,TRUE,1447.259816,493.8052697,2,2.850214173,ok,TRUE,,0.798,5586,G,0.252797729,2.833584462,plausible,TRUE,CONFIRMED
KIC 10141900,0,11.00215,3.00E-05,2213.5,52.81,1.55,TRUE,2454.806344,1799.605447,3,2.042079663,ok,TRUE,,0.843,4999,K,0.385946204,4.326032402,plausible,TRUE,CONFIRMED
KIC 3218908,0,0.4248,5.00E-05,72.3,2.039,0.21,TRUE,4.672813198,31.22451953,78,0.860005032,ok,TRUE,,4.885,4941,K,0.404328856,4.532081716,plausible,TRUE,CONFIRMED
KIC 3858824,0,15.58612,0.00014,1330.4,74.813,1.55,TRUE,531.9466996,1775.645385,2,5.508285857,ok,FALSE,,0.742,5198,K,0.263364755,2.952029197,plausible,TRUE,FALSE POSITIVE
KIC 4832175,0,16.28418,0,4062.2,78.164,1.56,TRUE,4064.283173,3363.217921,5,1.277008392,ok,TRUE,,0.638,4464,K,0.395695259,4.435308587,plausible,TRUE,FALSE POSITIVE
KIC 11014932,0,6.9036,2.00E-05,507.7,24.853,0.79,TRUE,595.0084017,420.0994454,4,0.985232766,ok,TRUE,,0.999,5616,G,0.219035874,2.455151207,plausible,TRUE,CONFIRMED
KIC 3642741,0,7.25765,0,4983.4,34.837,2.22,TRUE,6428.644488,4940.984305,4,2.586453334,ok,TRUE,,0.92,5638,G,0.63199417,7.083959447,plausible,TRUE,FALSE POSITIVE
KIC 2573056,0,1.46571,0,203.7,1.759,0.63,TRUE,157.8650677,227.8406017,22,0.633106293,ok,TRUE,,1.519,6414,F,0.210961806,2.364649784,plausible,TRUE,FALSE POSITIVE
KIC 5307858,0,19.60578,1.00E-05,966.8,94.108,1.23,TRUE,648.3292288,1042.464221,4,1.875725237,ok,TRUE,,1.025,6117,F,0.310133828,3.476259062,plausible,TRUE,FALSE POSITIVE
KIC 11125936,0,1.33615,0,1627.4,1.603,2.5,TRUE,2015.506275,1229.465786,66,4.645446169,ok,FALSE,,0.967,6119,F,0.379613342,4.255047988,plausible,TRUE,FALSE POSITIVE
KIC 9592579,0,2.63708,0,3205.5,9.493,1.6,TRUE,2372.624748,2621.912171,12,0.461360294,ok,TRUE,,1.03,6108,F,0.567475647,6.360777776,plausible,TRUE,FALSE POSITIVE
KIC 10337517,0,7.63054,1.00E-05,260.8,36.627,1.06,TRUE,198.8338687,269.6831731,4,0.842515435,ok,TRUE,,0.863,5357,G,0.135630516,1.520268888,plausible,TRUE,CONFIRMED
KIC 12070811,0,1.61705,4.00E-05,394.8,2.523,0.66,TRUE,413.0008793,177.0508433,20,1.055943434,ok,TRUE,,0.75,5557,G,0.145005953,1.625357232,plausible,TRUE,CONFIRMED
KIC 1026957,0,4.82215,2.00E-05,5100.3,21.41,1.02,TRUE,13723.26045,-3815.289083,2,151.6077857,ok,FALSE,,0.72,4859,K,0.500373404,5.608635453,plausible,TRUE,CONFIRMED
KIC 5897826,0,0.42624,2.00E-05,43.8,2.046,0.32,TRUE,27.29309302,28.18349214,22,0.034113543,ok,TRUE,,1.796,5855,G,0.115610021,1.295861159,plausible,TRUE,FALSE POSITIVE
KIC 12108312,0,0.70536,0,420.6,0.846,1.28,TRUE,356.1724941,370.3411174,47,0.172076619,ok,TRUE,,0.826,5717,G,0.164844696,1.84772771,plausible,TRUE,FALSE POSITIVE
KIC 3228959,0,0.43937,0,122.3,2.109,0.18,TRUE,62.11156489,6.336208293,76,1.09603007,ok,TRUE,,0.848,5901,G,0.091272427,1.023063506,plausible,TRUE,FALSE POSITIVE
KIC 6307063,0,9.88101,0.00074,214.4,47.429,0.48,TRUE,174.1001245,192.3812204,3,0.400014752,ok,TRUE,,1.077,5876,G,0.153470226,1.720232414,plausible,TRUE,FALSE POSITIVE
KIC 11507101,0,3.68149,0.00016,290.1,16.346,0.76,TRUE,248.1729872,131.9674064,9,0.939648217,ok,TRUE,,1.036,5481,G,0.171707195,1.924648774,plausible,TRUE,CONFIRMED
KIC 11138155,0,4.96117,0,8837.6,7.739,6.2,TRUE,8404.994056,8640.657581,6,0.252403829,ok,TRUE,,1.082,5712,G,0.989818123,11.09477236,plausible,TRUE,CONFIRMED
KIC 4950232,0,37.00863,0,1105.3,164.318,1.57,TRUE,1020.884133,902.3725013,2,0.779648243,ok,TRUE,,0.745,5532,G,0.241023349,2.701606619,plausible,TRUE,FALSE POSITIVE
KIC 6932987,0,13.12988,5.00E-05,744.6,63.023,0.91,TRUE,433.7001921,771.3493701,2,1.123227111,ok,TRUE,,0.941,5798,G,0.249869534,2.800762621,plausible,TRUE,CONFIRMED
KIC 7708215,0,9.79503,2.00E-05,8310.8,47.016,1.35,TRUE,6793.466438,8635.175538,3,6.381482517,ok,FALSE,,0.926,5811,G,0.821476278,9.207845447,plausible,TRUE,FALSE POSITIVE
KIC 4282872,0,10.05784,1.00E-05,2134.8,32.587,2.69,TRUE,2737.250201,2193.878626,3,2.054220184,ok,TRUE,,0.833,5813,G,0.374524708,4.198010004,plausible,TRUE,CONFIRMED
KIC 7134976,0,9.88193,1.00E-05,3541.4,43.876,0.99,TRUE,820.8475512,3809.407669,3,3.630818103,ok,FALSE,,0.833,4986,K,0.482385548,5.407011366,plausible,TRUE,CONFIRMED
KIC 9278553,0,9.31044,0,28918.5,25.697,7.66,FALSE,279.8235183,40504.89571,3,11.5800619,ok,FALSE,,0.891,6077,F,1.474442449,16.52687797,plausible,TRUE,FALSE POSITIVE
KIC 8800954,0,1.10798,0.00905,76.4,3.989,0.4,TRUE,67.98636678,32.56530492,8,0.725081644,ok,TRUE,,0.818,5305,G,0.069566131,0.779759807,plausible,TRUE,CONFIRMED
KIC 6307521,0,14.96103,0.00033,781,66.427,1.7,TRUE,936.8348491,477.42052,2,2.420387834,ok,TRUE,,1.004,5334,G,0.273040811,3.06048715,plausible,TRUE,FALSE POSITIVE
KIC 3109930,0,7.98162,0.00021,389,38.312,1.05,TRUE,389.0611272,481.1026707,4,0.440650433,ok,TRUE,,0.973,6085,F,0.186753188,2.093297805,plausible,TRUE,CONFIRMED
KIC 8302450,0,0.41153,1.00E-05,80.6,1.975,0.17,TRUE,13.83553598,73.10189796,81,1.299536106,ok,TRUE,,0.796,5970,G,0.069551202,0.779592472,plausible,TRUE,FALSE POSITIVE
KIC 5443604,0,11.27608,0.00012,4489.8,54.125,1.88,TRUE,4663.694918,4829.688027,2,0.453259481,ok,TRUE,,0.686,4889,K,0.447298327,5.013722214,plausible,TRUE,FALSE POSITIVE
KIC 8429566,0,9.84128,2.00E-05,502.9,47.238,0.93,TRUE,684.1967729,343.5592945,3,2.384436625,ok,TRUE,,0.867,5762,G,0.189203724,2.120765627,plausible,TRUE,FALSE POSITIVE
KIC 4067336,0,10.12966,3.00E-05,812.1,20.665,1.11,TRUE,963.3701196,600.6472374,8,1.427097467,ok,TRUE,,1.162,6392,F,0.322241649,3.611974423,plausible,TRUE,FALSE POSITIVE
KIC 3239636,0,0.52887,0,374.1,2.094,0.75,TRUE,236.3050612,162.271267,63,1.227018522,ok,TRUE,,1.954,6151,F,0.367779808,4.122407088,plausible,TRUE,FALSE POSITIVE
KIC 5084942,0,3.10479,0,821.9,4.843,2.47,TRUE,778.4362529,722.6398355,10,0.395325681,ok,TRUE,,0.791,4989,K,0.220679046,2.473569356,plausible,TRUE,CONFIRMED
KIC 10666592,0,2.21514,0,5817.9,7.975,3.53,TRUE,5351.320578,5907.713115,4,0.767213974,ok,TRUE,,1.952,6440,F,1.448853355,16.24005237,plausible,TRUE,CONFIRMED
KIC 7767559,0,5.02694,1.00E-05,18005.2,24.129,1.4,TRUE,20810.3654,13009.79991,6,6.201006948,ok,FALSE,,0.975,5600,G,1.273107616,14.27013596,plausible,TRUE,FALSE POSITIVE
KIC 9898364,0,0.68133,1.00E-05,204,3.27,0.83,TRUE,112.7008185,136.0890625,49,0.847045776,ok,TRUE,,1.93,7530,A,0.268229936,3.006562533,plausible,TRUE,FALSE POSITIVE
KIC 10744335,0,14.77213,2.00E-05,862.8,23.045,1.45,TRUE,329.0622606,1153.749901,2,4.222932374,ok,FALSE,,0.959,5999,G,0.274118702,3.072569114,plausible,TRUE,CONFIRMED
KIC 6428700,0,15.48898,1.00E-05,5598.3,74.347,2.11,TRUE,6125.970816,6389.25927,2,0.82907732,ok,TRUE,,0.826,5015,K,0.601409263,6.74113629,plausible,TRUE,CONFIRMED
KIC 5078939,0,0.65298,1.00E-05,160.7,3.134,0.15,TRUE,81.79222308,-37.6930317,135,1.693570489,ok,TRUE,,0.816,5402,G,0.100660276,1.128290964,plausible,TRUE,FALSE POSITIVE
KIC 5809890,0,12.60463,0,1152.3,60.502,1.23,TRUE,7.285494371,2196.286446,2,14.61328701,ok,FALSE,,0.766,5041,K,0.253032513,2.83621614,plausible,TRUE,CONFIRMED
KIC 1433962,0,14.29351,,5292.4,68.609,1.16,TRUE,6034.816739,2456.998861,2,18.80497198,ok,FALSE,,0.651,4506,K,0.460862098,5.165757172,plausible,TRUE,FALSE POSITIVE
KIC 10033279,0,1.33573,0.00017,92.6,6.412,0.59,TRUE,25.84357532,81.72892488,7,1.432351935,ok,TRUE,,2.758,5754,G,0.258199185,2.894128843,plausible,TRUE,FALSE POSITIVE
KIC 11955499,0,14.8806,2.00E-05,689.2,71.427,1.17,TRUE,858.1706403,459.2307481,2,1.727925645,ok,TRUE,,0.826,5237,G,0.2110135,2.365229225,plausible,TRUE,FALSE POSITIVE
KIC 8043714,0,6.81565,0,19639.5,13.904,6.68,TRUE,20140.69004,19128.38186,13,0.508528144,ok,TRUE,,0.817,5465,G,1.11416286,12.48854009,plausible,TRUE,FALSE POSITIVE
KIC 6147122,0,0.65868,9.00E-05,25.8,2.925,0.44,TRUE,16.19075468,8.900298042,14,0.539771396,ok,TRUE,,2.069,7839,A,0.102266787,1.146298189,plausible,TRUE,FALSE POSITIVE
KIC 3531558,0,2.09199,6.00E-05,90.7,4.268,1.01,TRUE,89.47345322,101.7202222,4,0.456246005,ok,TRUE,,1.317,5718,G,0.122079784,1.36838009,plausible,TRUE,CONFIRMED
KIC 11037335,0,14.97115,0.00014,320.6,71.862,1.07,TRUE,472.2307743,200.1997253,2,3.977246256,ok,FALSE,,0.881,5968,G,0.1535008,1.720575116,plausible,TRUE,CONFIRMED
KIC 6199056,0,0.66802,0,82.3,3.206,0.53,TRUE,53.7915266,67.75783367,14,0.4550495,ok,TRUE,,5.847,5944,G,0.516245511,5.786544306,plausible,TRUE,FALSE POSITIVE
KIC 10468940,0,12.90381,1.00E-05,693.4,61.938,1.25,TRUE,185.7098767,850.7306727,2,8.108692185,ok,FALSE,,1.002,5359,G,0.256764476,2.87804733,plausible,TRUE,CONFIRMED
KIC 6693640,0,13.68635,5.00E-05,331.4,60.767,1.19,TRUE,-35.6739548,473.6371628,2,4.130492729,ok,FALSE,,1.105,6387,F,0.195757065,2.194221362,plausible,TRUE,CONFIRMED
KIC 3734868,0,10.32614,0,15429.7,49.565,3.49,TRUE,15003.70566,16647.23792,8,1.432019957,ok,TRUE,,1.024,5627,G,1.237773283,13.87407696,plausible,TRUE,FALSE POSITIVE
KIC 2574338,0,15.37363,4.00E-05,668.1,73.793,1.1,TRUE,298.0639992,850.2214645,2,2.318501781,ok,TRUE,,1.252,6320,F,0.314907189,3.529763195,plausible,TRUE,CONFIRMED
KIC 9643874,0,8.02749,0,7436.9,22.156,7.55,FALSE,7390.938637,7491.544504,11,0.138950622,ok,TRUE,,0.887,5569,G,0.744354965,8.343400368,plausible,TRUE,CONFIRMED
KIC 7296086,0,0.89103,0,394.3,1.069,1.31,TRUE,333.5905116,310.3748576,37,0.277712529,ok,TRUE,,1.169,5687,G,0.225873342,2.531791705,plausible,TRUE,FALSE POSITIVE
KIC 9851271,0,8.43259,4.00E-05,403.6,40.476,1.28,TRUE,524.2328099,159.8729044,3,2.866048475,ok,TRUE,,1.078,5910,G,0.210756269,2.362345946,plausible,TRUE,FALSE POSITIVE
KIC 10960993,0,1.55648,0,6831.1,3.736,2.89,TRUE,10081.92837,4260.601561,6,4.896536481,ok,FALSE,,2.046,6338,F,1.645558125,18.44489646,plausible,TRUE,FALSE POSITIVE
KIC 8410727,0,13.69665,5.00E-05,301.2,60.813,1.21,TRUE,139.5380274,383.3469358,2,2.187725284,ok,TRUE,,1.41,6071,F,0.238108955,2.668939467,plausible,TRUE,CONFIRMED
KIC 10157458,0,0.58753,4.00E-05,111.9,2.609,0.2,TRUE,65.94426097,54.60739222,56,0.192877171,ok,TRUE,,0.848,5795,G,0.087273194,0.978236499,plausible,TRUE,CONFIRMED
KIC 8883593,0,5.73544,1.00E-05,1026.2,20.648,1.36,TRUE,853.2751355,773.8235917,5,0.220331976,ok,TRUE,,0.891,5897,G,0.277752383,3.113298683,plausible,TRUE,CONFIRMED
KIC 11086270,0,1.86445,2.00E-05,79,8.949,0.74,TRUE,108.2379094,17.81109485,5,3.515273823,ok,FALSE,,1.626,5869,G,0.140640983,1.576430718,plausible,TRUE,CONFIRMED
KIC 9692345,0,0.68824,0,595.9,1.074,0.65,TRUE,484.740677,547.6562019,48,0.324905148,ok,TRUE,,0.651,4478,K,0.154644105,1.733390312,plausible,TRUE,FALSE POSITIVE
KIC 3640905,0,6.92148,0.00018,164.7,22.426,1.23,TRUE,228.0704187,98.51955381,4,2.246250463,ok,TRUE,,3.051,5010,K,0.381005196,4.270649144,plausible,TRUE,CONFIRMED
KIC 8164262,0,0.76575,0.00039,811.4,3.676,1.14,TRUE,560.7114803,552.4170488,12,0.095794644,ok,TRUE,,2.111,7700,A,0.585132898,6.558696142,plausible,TRUE,FALSE POSITIVE
KIC 11403044,0,4.1252,0,1329.4,11.386,2.47,TRUE,1223.011515,1425.702133,21,1.648532395,ok,TRUE,,1.103,6174,F,0.391342917,4.386523623,plausible,TRUE,CONFIRMED
KIC 7751571,0,17.04466,3.00E-05,9322.9,81.814,7.93,TRUE,8952.558711,9047.153401,5,0.198985504,ok,TRUE,,0.773,5367,G,0.726301889,8.141045244,plausible,TRUE,FALSE POSITIVE
KIC 3654095,0,16.50428,0,629.7,79.221,1.28,TRUE,679.7375389,572.2154191,2,0.632525155,ok,TRUE,,0.955,6045,F,0.233198183,2.61389511,plausible,TRUE,FALSE POSITIVE
KIC 3832716,0,0.57261,0,151832.2,1.855,2.03,TRUE,229506.548,106121.3829,16,8.432962695,ok,FALSE,,1.368,6158,F,5.18716406,58.14240323,too_large,FALSE,FALSE POSITIVE
KIC 6849310,0,4.31004,0,798.2,11.896,1.49,TRUE,817.7009904,819.611342,20,0.011343574,ok,TRUE,,0.927,5527,G,0.254858636,2.856684969,plausible,TRUE,CONFIRMED
KIC 10925104,0,0.42944,1.00E-05,485,0.515,0.33,TRUE,991.7201406,1033.678748,77,0.127634812,ok,TRUE,,0.54,3980,K,0.115725088,1.297150939,plausible,TRUE,CONFIRMED
KIC 8414907,0,28.35863,0.00047,1935.6,136.121,2.52,TRUE,684.6464076,2449.503083,3,3.076814586,ok,FALSE,,0.772,5055,K,0.33050799,3.704631007,plausible,TRUE,FALSE POSITIVE
KIC 3836375,0,34.75016,0,1510.3,154.291,1.4,TRUE,1029.195491,1437.890509,2,1.113185637,ok,TRUE,,0.915,5663,G,0.346032592,3.878644715,plausible,TRUE,FALSE POSITIVE
KIC 3128793,0,15.47705,5.00E-05,19204.5,74.29,1.76,TRUE,4780.293009,28148.19294,2,51.68417565,ok,FALSE,,5.132,4648,K,6.920693825,77.57336502,too_large,FALSE,FALSE POSITIVE
KIC 12167361,0,0.88854,2.00E-05,71.6,4.265,1.12,TRUE,32.99874838,64.15474691,10,1.769698025,ok,TRUE,,1.938,8214,A,0.159545251,1.788326765,plausible,TRUE,FALSE POSITIVE
KIC 5820218,0,16.74835,1.00E-05,4876.6,80.392,1.26,TRUE,7052.976714,2920.771068,1,17.79937554,ok,FALSE,,0.561,3995,K,0.381227935,4.273145804,plausible,TRUE,FALSE POSITIVE
KIC 8349582,0,1.82825,1.00E-05,60.6,7.24,0.55,TRUE,48.98835928,56.3329546,5,0.284933535,ok,TRUE,,1.411,5644,G,0.106877441,1.197978554,plausible,TRUE,CONFIRMED
KIC 2438513,0,13.6012,4.00E-05,13550.9,65.286,2.08,TRUE,10166.7278,19057.11794,2,54.24003285,ok,FALSE,,1.068,5771,G,1.209810305,13.56064273,plausible,TRUE,CONFIRMED
KIC 1865042,0,0.55247,1.00E-05,75.3,2.652,0.14,TRUE,26.84260132,23.64813346,60,0.101901799,ok,TRUE,,1.022,5405,G,0.086272707,0.96702214,plausible,TRUE,CONFIRMED
KIC 6470149,0,16.62519,0.00018,967.2,79.801,1.74,TRUE,-382.2977512,1642.374947,2,23.16465819,ok,FALSE,,6.836,5019,K,2.068773731,23.18867788,plausible,TRUE,FALSE POSITIVE
KIC 6037187,0,9.15676,0.00022,306.2,43.952,0.98,TRUE,301.1130301,221.1452222,3,0.763931833,ok,TRUE,,0.973,5907,G,0.165683967,1.857135021,plausible,TRUE,CONFIRMED
KIC 10549562,0,9.08294,2.00E-05,417.6,32.699,1.47,TRUE,309.9520157,417.7837675,3,0.845492292,ok,TRUE,,1.275,6739,F,0.253554033,2.842061802,plausible,TRUE,FALSE POSITIVE
KIC 7109675,0,7.47686,2.00E-05,2411.3,26.917,1.87,TRUE,1880.001156,3123.811034,4,1.057402364,ok,TRUE,,0.93,5149,K,0.444399277,4.98122706,plausible,TRUE,CONFIRMED
KIC 10661771,0,0.61563,0,665.8,2.955,1.32,TRUE,340.0575435,718.7126123,54,7.168479734,ok,FALSE,,0.891,5897,G,0.223718571,2.50763909,plausible,TRUE,FALSE POSITIVE
KIC 11414511,0,2.81962,0,14036.8,5.752,4.54,TRUE,13601.88989,14872.84426,11,0.765182655,ok,TRUE,,0.955,5532,G,1.101031092,12.34134741,plausible,TRUE,CONFIRMED
KIC 8453211,0,1.68887,1.00E-05,307.1,7.499,0.77,TRUE,236.5088873,278.1167133,19,0.462599932,ok,TRUE,,0.875,5544,G,0.149225848,1.672657607,plausible,TRUE,FALSE POSITIVE
KIC 9030447,0,4.0034,0,730.7,17.775,0.92,TRUE,-595.0592595,1533.479119,2,19.11660084,ok,FALSE,,1.386,6899,F,0.364587353,4.086623181,plausible,TRUE,FALSE POSITIVE
KIC 7532973,0,2.13954,0,17604.8,6.932,3.26,TRUE,18405.47779,18175.73001,4,0.132906998,ok,TRUE,,1.305,6296,F,1.684953819,18.88647886,plausible,TRUE,CONFIRMED
KIC 6032497,0,16.39274,4.00E-05,934,78.685,2.07,TRUE,996.9586333,994.6052494,2,0.012687386,ok,TRUE,,0.987,5878,G,0.293524654,3.290088491,plausible,TRUE,CONFIRMED
KIC 10342065,0,0.93569,0,880.5,4.154,1.92,TRUE,903.2230982,891.5451309,35,0.197383621,ok,TRUE,,4.319,5438,G,1.247113779,13.97877364,plausible,TRUE,FALSE POSITIVE
KIC 9451127,0,5.12028,0,51560.9,14.132,4.73,TRUE,53117.43048,59582.64273,6,1.711673831,ok,TRUE,,1.053,6161,F,2.326755332,26.08036784,plausible,TRUE,FALSE POSITIVE
KIC 11242721,0,19.65563,1.00E-05,10495.4,77.836,9.09,TRUE,10695.85523,10622.0353,4,0.120510973,ok,TRUE,,1.063,6074,F,1.05972867,11.87839269,plausible,TRUE,FALSE POSITIVE
KIC 10799735,0,13.9474,1.00E-05,9830.8,50.211,7.51,FALSE,16755.39185,325.0986315,2,10.10233741,ok,FALSE,,1.003,6147,F,0.967736214,10.84725845,plausible,TRUE,FALSE POSITIVE
KIC 8806072,0,13.69395,0.0001,697,65.731,1.53,TRUE,416.5254974,895.9771968,2,4.381380115,ok,FALSE,,0.868,5668,G,0.222995896,2.499538695,plausible,TRUE,CONFIRMED
KIC 6142862,0,13.04516,4.00E-05,9592.8,62.617,2.23,TRUE,11473.24598,10793.83784,2,3.97791023,ok,FALSE,,0.533,4275,K,0.507998507,5.694104468,plausible,TRUE,FALSE POSITIVE
KIC 3862246,0,4.69976,0,4338.6,5.64,2.66,TRUE,4557.374422,4645.790723,7,0.09137857,ok,TRUE,,0.878,5408,G,0.56276865,6.308017521,plausible,TRUE,FALSE POSITIVE
KIC 11455491,0,3.08587,3.00E-05,226.8,14.812,1.63,TRUE,43.10189405,286.7979637,3,3.978545735,ok,FALSE,,1.554,6495,F,0.227738042,2.552692937,plausible,TRUE,FALSE POSITIVE
KIC 8244190,0,16.15241,0,492.4,58.149,1.22,TRUE,239.8423318,566.6449824,2,2.635579167,ok,TRUE,,0.859,5639,G,0.185481828,2.079047267,plausible,TRUE,FALSE POSITIVE
KIC 10585852,0,0.41225,6.00E-05,68.3,1.979,0.36,TRUE,16.12520652,78.67450768,23,1.842106447,ok,TRUE,,3.464,4986,K,0.278584704,3.122628084,plausible,TRUE,CONFIRMED
KIC 8240904,0,40.22115,3.00E-05,1391.5,178.582,1.68,TRUE,1622.238807,1202.992568,2,0.81448731,ok,TRUE,,1.294,5529,G,0.469712047,5.264955364,plausible,TRUE,CONFIRMED
KIC 10232693,0,0.9907,0,120.7,1.545,0.75,TRUE,89.55381341,107.8928686,33,0.385247671,ok,TRUE,,2.399,5975,G,0.256496611,2.875044868,plausible,TRUE,FALSE POSITIVE
KIC 9851226,0,8.46444,2.00E-05,764.6,40.629,1.57,TRUE,707.9855534,788.7683295,3,0.444174927,ok,TRUE,,0.991,5951,G,0.266653082,2.988887736,plausible,TRUE,FALSE POSITIVE
KIC 10848459,0,1.73749,0,5599,3.544,3.99,TRUE,5589.282001,5756.820404,19,0.269657541,ok,TRUE,,0.791,5805,G,0.575960706,6.45588596,plausible,TRUE,FALSE POSITIVE
KIC 4043443,0,12.13165,0.00017,2230.8,33.483,2.6,TRUE,-34.11618753,3018.312384,2,4.242815699,ok,FALSE,,0.675,4602,K,0.310238718,3.477434761,plausible,TRUE,FALSE POSITIVE
KIC 2309719,0,0.41866,2.00E-05,74.5,1.507,0.41,TRUE,80.27131522,36.8869331,23,1.143867873,ok,TRUE,,1.255,6161,F,0.105377679,1.18116787,plausible,TRUE,FALSE POSITIVE
KIC 6205468,0,3.72244,0,1732.8,17.868,2.51,TRUE,1807.218305,1680.082771,23,1.457903761,ok,TRUE,,0.863,5873,G,0.349583349,3.918444799,plausible,TRUE,FALSE POSITIVE
KIC 10593759,0,3.13721,0,8489.8,8.659,3.11,TRUE,9718.646113,6447.05489,3,1.745204207,ok,TRUE,,1.181,6248,F,1.058914122,11.8692625,plausible,TRUE,FALSE POSITIVE
KIC 11044770,0,4.27623,6.00E-05,254.3,20.526,1.66,TRUE,445.7514825,53.3680394,2,4.688915483,ok,FALSE,,2.43,8014,A,0.377122872,4.227132556,plausible,TRUE,FALSE POSITIVE
KIC 11599264,0,8.44452,0,7399.5,13.173,6.21,TRUE,6446.556229,8833.829515,2,0.805474378,ok,TRUE,,0.805,5761,G,0.673843272,7.553041851,plausible,TRUE,FALSE POSITIVE
KIC 4070376,0,0.8131,0,8734.4,3.903,1.48,TRUE,8951.072009,4151.271606,41,6.281437803,ok,FALSE,,0.97,6121,F,0.882164765,9.888096631,plausible,TRUE,FALSE POSITIVE
KIC 3447722,0,16.03293,9.00E-05,739.7,76.958,1,TRUE,479.2458431,649.4230543,2,0.931233834,ok,TRUE,,1.33,6157,F,0.352008428,3.945627265,plausible,TRUE,CONFIRMED
KIC 4480676,0,0.71207,0,5088,0.854,3.06,TRUE,4992.063886,4689.02613,47,0.941957163,ok,TRUE,,0.83,5486,G,0.57612006,6.45767214,plausible,TRUE,FALSE POSITIVE
KIC 8176650,0,15.8104,0,33568.7,75.89,8.8,TRUE,32094.61595,33329.44125,2,0.354208245,ok,TRUE,,0.789,5383,G,1.406714636,15.76772369,plausible,TRUE,FALSE POSITIVE
KIC 6432059,0,0.76981,,8514.3,1.201,2.83,TRUE,8267.696557,8372.756366,43,0.145695886,ok,TRUE,,1,5778,G,0.897914976,10.06463917,plausible,TRUE,FALSE POSITIVE
KIC 3001885,0,16.42077,2.00E-05,1752,78.82,1.25,TRUE,2103.36438,1491.040276,5,1.680815186,ok,TRUE,,0.795,4732,K,0.323812041,3.629576782,plausible,TRUE,FALSE POSITIVE
KIC 4840513,0,2.3793,0,40675.4,6.567,4.19,TRUE,41485.53621,40298.7027,14,0.405951314,ok,TRUE,,1.162,6392,F,2.280519494,25.56211496,plausible,TRUE,FALSE POSITIVE
KIC 6359798,0,3.48492,0,23715.8,9.618,4,TRUE,51389.4192,7721.670576,2,5.960491826,ok,FALSE,,1.037,5850,G,1.554029769,17.41896428,plausible,TRUE,FALSE POSITIVE
KIC 8950853,0,0.51333,0.00014,72.8,2.464,0.37,TRUE,12.05246264,30.0077511,18,0.458436761,ok,TRUE,,1.314,5988,G,0.109100221,1.222893469,plausible,TRUE,CONFIRMED
KIC 7825899,0,11.62746,2.00E-05,3181.7,55.812,1.37,TRUE,213.8834189,4439.463989,2,7.851168096,ok,FALSE,,0.837,5191,K,0.459431046,5.149716651,plausible,TRUE,CONFIRMED
KIC 6390824,0,11.0501,0,642.7,53.04,1,TRUE,804.5450156,568.6365284,3,1.430674213,ok,TRUE,,0.863,6084,F,0.212908846,2.386473959,plausible,TRUE,FALSE POSITIVE
KIC 4650674,0,16.26949,1.00E-05,1101.5,78.094,1.71,TRUE,1284.992052,1180.297326,2,0.633622818,ok,TRUE,,1.215,5940,G,0.392403865,4.398415684,plausible,TRUE,CONFIRMED
KIC 5534814,0,11.93574,0,8098.5,57.292,2.16,TRUE,7437.755549,8240.765822,2,2.603624825,ok,TRUE,,0.988,6072,F,0.865211086,9.698064546,plausible,TRUE,FALSE POSITIVE
KIC 9718379,0,0.40528,0.00024,94.1,1.945,0.13,TRUE,18.96315041,-13.6989841,82,0.827669445,ok,TRUE,,1.023,6237,F,0.096559164,1.082322014,plausible,TRUE,FALSE POSITIVE
KIC 5385439,0,14.29199,,310.5,68.602,1.18,TRUE,340.0701457,248.9253553,2,0.926124876,ok,TRUE,,0.94,5428,G,0.161185078,1.806707415,plausible,TRUE,FALSE POSITIVE
KIC 5039129,0,3.50774,1.00E-05,307.8,16.837,0.83,TRUE,305.8372083,233.4241729,9,0.711911439,ok,TRUE,,1.076,6306,F,0.183707308,2.059156844,plausible,TRUE,FALSE POSITIVE
KIC 7295235,0,3.91984,0,529,18.815,0.58,TRUE,-1351.880836,1071.634803,2,18.25804598,ok,FALSE,,0.857,5511,G,0.191812845,2.150010995,plausible,TRUE,CONFIRMED
KIC 9007866,0,7.16734,0.00029,886.7,8.601,1.68,TRUE,888.1017093,864.4177347,4,0.217240287,ok,TRUE,,0.856,5693,G,0.248047281,2.78033717,plausible,TRUE,FALSE POSITIVE
KIC 8519253,0,12.32865,1.00E-05,531.6,59.178,1.53,TRUE,543.6196488,393.7148277,2,1.214256149,ok,TRUE,,0.85,6123,F,0.190713434,2.137687806,plausible,TRUE,FALSE POSITIVE
KIC 5193400,0,15.1657,0.00027,839.6,54.597,0.97,TRUE,177.3448453,1491.214465,2,4.28677255,ok,FALSE,,1.131,6218,F,0.318907996,3.574607832,plausible,TRUE,FALSE POSITIVE
KIC 3749134,0,15.80759,8.00E-05,487.3,70.186,1.04,TRUE,61.30425364,760.3984049,2,4.537589386,ok,FALSE,,1.122,5730,G,0.241022751,2.701599909,plausible,TRUE,CONFIRMED
KIC 3120276,0,7.60187,6.00E-05,549.7,36.489,1.05,TRUE,460.4852932,645.4482549,4,0.858337336,ok,TRUE,,0.853,5699,G,0.194622014,2.181498687,plausible,TRUE,FALSE POSITIVE
KIC 4060815,0,0.43712,0.00011,78.2,1.206,0.54,TRUE,0.644809457,87.95865887,22,2.528440727,ok,TRUE,,3.733,5055,K,0.321215599,3.600473529,plausible,TRUE,FALSE POSITIVE
KIC 8801343,0,2.72835,0,17956.1,9.822,3.48,TRUE,19163.16967,14269.96427,3,1.355708107,ok,TRUE,,2.26,6520,F,2.946975772,33.03235673,too_large,FALSE,FALSE POSITIVE
KIC 10287248,0,4.72285,0,69153.7,11.335,4.64,TRUE,66497.93978,69436.75177,18,0.616580736,ok,TRUE,,0.488,3801,K,1.248790186,13.99756432,plausible,TRUE,FALSE POSITIVE
KIC 10526549,0,9.27364,1.00E-05,1102.6,30.047,1.98,TRUE,1429.673022,494.1826927,3,3.654413437,ok,FALSE,,0.696,4856,K,0.224891235,2.520783367,plausible,TRUE,CONFIRMED
KIC 8612847,0,14.12492,4.00E-05,1060.3,45.765,1.96,TRUE,1164.973532,1188.385457,2,0.138968106,ok,TRUE,,0.822,5616,G,0.260462396,2.91949695,plausible,TRUE,CONFIRMED
KIC 10485069,0,0.44478,0,184.5,0.694,0.38,TRUE,140.2615723,258.6029342,75,1.715284407,ok,TRUE,,1.064,6167,F,0.140632541,1.576336085,plausible,TRUE,FALSE POSITIVE
KIC 7838655,0,2.11268,0,618.4,4.31,1.2,TRUE,782.8203203,544.5897108,42,2.424644151,ok,TRUE,,0.858,5482,G,0.207632228,2.327328879,plausible,TRUE,FALSE POSITIVE
KIC 9970525,0,1.66652,,138,7.999,0.98,TRUE,105.3811428,87.42936881,5,0.439120553,ok,TRUE,,1,5778,G,0.114312093,1.281312822,plausible,TRUE,FALSE POSITIVE
KIC 9513865,0,13.77966,1.00E-05,1038.3,66.142,1.36,TRUE,776.3424539,1265.4159,2,2.55447792,ok,TRUE,,0.855,5052,K,0.268094577,3.005045299,plausible,TRUE,CONFIRMED
KIC 8544996,0,4.08419,0,15806.6,11.272,5.73,TRUE,15298.93255,16299.82216,8,0.851119844,ok,TRUE,,0.794,5655,G,0.971408531,10.88842109,plausible,TRUE,CONFIRMED
KIC 5735762,0,3.48466,0,345.5,9.618,1.74,TRUE,510.6034065,89.46027513,2,4.5256842,ok,FALSE,,0.873,5192,K,0.157908056,1.769975613,plausible,TRUE,CONFIRMED
KIC 10555375,0,7.30571,2.00E-05,358.6,35.067,1.2,TRUE,322.2225086,374.0927017,4,0.407036084,ok,TRUE,,2.097,6020,F,0.386424752,4.331396398,plausible,TRUE,FALSE POSITIVE
KIC 10330115,0,16.76961,4.00E-05,7877.4,80.494,1.46,TRUE,12625.52135,4142.094189,1,19.64065524,ok,FALSE,,0.728,5333,G,0.628758519,7.047691359,plausible,TRUE,CONFIRMED
KIC 9964748,0,4.33651,0,192.6,19.254,0.65,TRUE,186.6937355,132.3685401,7,0.542764755,ok,TRUE,,0.992,6014,F,0.133966993,1.501622627,plausible,TRUE,FALSE POSITIVE
KIC 3342970,0,2.71354,0,765,7.489,1.11,TRUE,778.0013966,708.644517,12,0.370717578,ok,TRUE,,1.076,6214,F,0.289613001,3.246243161,plausible,TRUE,CONFIRMED
KIC 10679583,0,10.1532,3.00E-05,1464.4,48.735,1.49,TRUE,741.0196374,1883.204746,3,3.705045283,ok,FALSE,,0.725,5399,G,0.269975638,3.026129923,plausible,TRUE,FALSE POSITIVE
KIC 11752908,0,0.44817,2.00E-05,207.6,2.151,0.22,TRUE,68.36842333,97.44360614,46,0.25032584,ok,TRUE,,0.714,5262,G,0.100115476,1.122184356,plausible,TRUE,FALSE POSITIVE
KIC 3557341,0,0.59051,0,563.3,0.709,0.53,TRUE,485.0211588,726.3806038,150,1.566268649,ok,TRUE,,0.808,5628,G,0.186610683,2.091700483,plausible,TRUE,FALSE POSITIVE
KIC 6291653,0,10.53278,0,8576.6,21.487,8.88,FALSE,8579.24968,9091.63339,3,0.492223676,ok,TRUE,,0.793,5386,G,0.71464963,8.010436233,plausible,TRUE,CONFIRMED
KIC 2854698,0,16.75216,2.00E-05,4462.6,80.41,1.43,TRUE,4948.790933,3454.499624,1,11.91749445,ok,FALSE,,0.849,5251,G,0.551906522,6.186265013,plausible,TRUE,CONFIRMED
KIC 9595686,0,3.10907,0,1441.5,7.462,2.61,TRUE,1415.510126,1384.424071,10,0.12697726,ok,TRUE,,0.847,5330,G,0.312932468,3.507628743,plausible,TRUE,FALSE POSITIVE
KIC 4150624,0,0.78381,3.00E-05,126,3.104,0.28,TRUE,50.74005897,112.1260608,42,1.059432847,ok,TRUE,,0.852,5421,G,0.09305001,1.042988262,plausible,TRUE,FALSE POSITIVE
KIC 9527915,0,16.76257,1.00E-05,521.1,74.426,1.34,TRUE,173.0092357,811.3139484,1,8.867128403,ok,FALSE,,0.799,5211,G,0.17748673,1.989431004,plausible,TRUE,CONFIRMED
KIC 8490993,0,11.69028,1.00E-05,1905.6,56.113,1.09,TRUE,3020.674123,1533.470119,2,4.640457192,ok,FALSE,,0.999,6077,F,0.424363331,4.756646136,plausible,TRUE,CONFIRMED
KIC 5094751,0,3.24478,1.00E-05,147,12.849,1.34,TRUE,-47.78819662,201.4957896,2,11.19751435,ok,FALSE,,1.302,5945,G,0.153614114,1.721845238,plausible,TRUE,CONFIRMED
KIC 5636648,0,0.46674,0,667.5,0.56,1.21,TRUE,682.713607,587.9950283,71,0.852407445,ok,TRUE,,0.856,5791,G,0.215205139,2.412212884,plausible,TRUE,FALSE POSITIVE
KIC 9264949,0,16.68921,8.00E-05,491.9,80.108,0.72,TRUE,589.4267157,350.8956783,5,1.563590129,ok,TRUE,,1.172,6311,F,0.25295282,2.835322865,plausible,TRUE,CONFIRMED
KIC 3228824,0,0.73104,0,220.8,2.369,0.3,TRUE,86.99468405,158.8520131,122,0.955923554,ok,TRUE,,0.711,4768,K,0.102806492,1.152347693,plausible,TRUE,FALSE POSITIVE
KIC 5956342,0,11.50793,8.00E-05,1149.2,55.238,1.6,TRUE,1739.614786,813.7971042,2,3.072082195,ok,FALSE,,1.067,5839,G,0.351984397,3.945357904,plausible,TRUE,CONFIRMED
KIC 3865567,0,11.10481,1.00E-05,2996.5,26.652,4.3,TRUE,2372.325881,3153.14497,3,1.418428947,ok,TRUE,,0.996,6122,F,0.530551291,5.946896367,plausible,TRUE,FALSE POSITIVE
KIC 11193263,0,6.92316,2.00E-05,246.1,33.231,1.1,TRUE,226.261706,269.2065965,4,0.597896275,ok,TRUE,,1.35,5685,G,0.206073359,2.309855668,plausible,TRUE,CONFIRMED
KIC 4832197,0,0.94181,0,6978.1,4.521,1.18,TRUE,4551.642193,1353.93285,10,3.495007809,ok,FALSE,,1.269,6302,F,1.031554368,11.56258975,plausible,TRUE,FALSE POSITIVE
KIC 7697568,0,9.70882,4.00E-05,4405.1,46.602,1.05,TRUE,3971.756453,4107.66333,9,0.198169277,ok,TRUE,,0.826,5381,G,0.533484673,5.979776351,plausible,TRUE,FALSE POSITIVE
KIC 5802486,0,1.07388,0,1758.3,1.675,2.12,TRUE,1048.377621,1698.039177,82,4.583112523,ok,FALSE,,0.959,5962,G,0.391313182,4.386190328,plausible,TRUE,FALSE POSITIVE
KIC 10743597,0,0.81726,0.00019,1488,1.275,0.89,TRUE,1265.271231,1071.865198,40,0.517867263,ok,TRUE,,0.874,5619,G,0.328077426,3.677387058,plausible,TRUE,FALSE POSITIVE
KIC 11666881,0,4.18157,0,809.9,20.072,1.5,TRUE,378.8687225,1118.124082,2,4.568150896,ok,FALSE,,1.378,6236,F,0.381616711,4.277503556,plausible,TRUE,CONFIRMED
KIC 7778437,0,5.01546,0,6140.3,19.861,5.17,TRUE,5960.766255,6450.26412,6,2.152290146,ok,TRUE,,1.307,6490,F,0.996622258,11.17103922,plausible,TRUE,CONFIRMED
KIC 10861715,0,15.59877,0.00348,759.9,74.874,1.51,TRUE,825.7488763,404.6630922,2,1.976442235,ok,TRUE,,0.848,5989,G,0.227469615,2.549684167,plausible,TRUE,FALSE POSITIVE
KIC 8330548,0,0.95766,0,4158.8,2.643,1.32,TRUE,3876.197681,3905.046437,34,0.047764402,ok,TRUE,,1.118,6289,F,0.701596464,7.8641246,plausible,TRUE,FALSE POSITIVE
KIC 7449844,0,1.15219,0,11178.9,1.797,1.74,TRUE,13583.1494,10522.45203,29,2.147961407,ok,TRUE,,15.113,5560,G,15.54936298,174.2912548,too_large,FALSE,FALSE POSITIVE
KIC 8257407,0,0.45918,0,36.1,2.204,0.22,TRUE,17.8237833,36.08971075,72,1.039178125,ok,TRUE,,1.583,6214,F,0.092576065,1.037675851,plausible,TRUE,FALSE POSITIVE
KIC 11197126,0,2.94129,1.00E-05,343.9,14.118,1.17,TRUE,68.11537871,528.9486843,3,6.261948093,ok,FALSE,,3.403,5117,K,0.614092061,6.883296504,plausible,TRUE,FALSE POSITIVE
KIC 10485179,0,0.44461,0,151.8,0.907,0.53,TRUE,56.6525541,206.1268945,75,3.048536437,ok,FALSE,,0.725,5346,G,0.086933285,0.974426502,plausible,TRUE,FALSE POSITIVE
KIC 9455556,0,23.20299,2.00E-05,2834.1,111.374,1.58,TRUE,3019.53735,2642.597555,3,0.896186302,ok,TRUE,,0.903,5616,G,0.467798632,5.243508088,plausible,TRUE,CONFIRMED
KIC 9535080,0,0.54291,0.00021,27.5,2.606,0.32,TRUE,11.05527282,33.07775128,17,1.371902602,ok,TRUE,,1.493,6273,F,0.076180663,0.853901435,plausible,TRUE,FALSE POSITIVE
KIC 8628758,0,16.63519,3.00E-05,511.7,79.849,1.6,TRUE,939.5141184,175.4349539,2,11.01922834,ok,FALSE,,1.067,5768,G,0.234883567,2.632786411,plausible,TRUE,CONFIRMED
KIC 5545815,0,12.12777,3.00E-05,4256,58.213,1.81,TRUE,4335.357369,4699.338194,2,2.769608084,ok,TRUE,,0.985,5992,G,0.625316475,7.009109834,plausible,TRUE,FALSE POSITIVE
KIC 2854914,0,8.90029,8.00E-05,392.7,42.721,1.29,TRUE,202.7552952,472.7917185,3,2.643078081,ok,TRUE,,1.225,5952,G,0.236212286,2.647679897,plausible,TRUE,CONFIRMED
KIC 9836959,0,4.00354,0.00049,173.5,19.217,1.61,TRUE,144.5675223,185.4465423,2,0.631905988,ok,TRUE,,1.042,5868,G,0.133541956,1.496858432,plausible,TRUE,CONFIRMED
KIC 10666242,0,12.20089,5.00E-05,9254.4,33.674,8.38,FALSE,17428.72604,246.7190977,2,8.012276608,ok,FALSE,,0.955,5671,G,0.894005968,10.0208235,plausible,TRUE,FALSE POSITIVE
KIC 11858748,0,1.78062,0,442.9,3.632,0.67,TRUE,442.7966359,227.2941092,49,1.876517772,ok,TRUE,,0.87,5730,G,0.178159935,1.996976896,plausible,TRUE,FALSE POSITIVE
KIC 9388479,0,0.40898,1.00E-05,1794,0.491,0.41,TRUE,982.809043,1024.759062,81,0.048770972,ok,TRUE,,0.458,3582,M,0.188774076,2.115949742,plausible,TRUE,CONFIRMED
KIC 10122255,0,1.39466,0.00013,170.1,2.176,0.54,TRUE,137.9402269,181.4495293,23,0.45134055,ok,TRUE,,1.017,6036,F,0.129083003,1.446878468,plausible,TRUE,CONFIRMED
KIC 10662202,0,12.2686,7.00E-05,3106.8,58.889,1.27,TRUE,2348.181796,2668.100255,2,1.859675618,ok,TRUE,,0.828,4954,K,0.44910657,5.033990635,plausible,TRUE,CONFIRMED
KIC 11656840,0,7.4539,0,17759.7,17.889,5.23,TRUE,17977.3339,18318.03475,4,0.062079296,ok,TRUE,,0.956,6108,F,1.239760805,13.89635489,plausible,TRUE,FALSE POSITIVE
KIC 6766634,0,14.21068,0.0004,208.8,63.095,1.17,TRUE,211.1554303,127.3274143,2,0.912528259,ok,TRUE,,1.286,6018,F,0.180831275,2.02691968,plausible,TRUE,CONFIRMED
KIC 5963222,0,1.21511,0,4832.2,2.916,2.82,TRUE,5182.171626,5117.310843,7,0.119553866,ok,TRUE,,1.638,6631,F,1.108019457,12.41967929,plausible,TRUE,FALSE POSITIVE
KIC 3859079,0,13.85169,0.00027,830.8,66.488,1.55,TRUE,935.7340493,757.2337534,2,0.940656354,ok,TRUE,,0.708,4736,K,0.198579084,2.225853097,plausible,TRUE,CONFIRMED
KIC 7366258,0,13.28117,4.00E-05,1174.6,36.656,2.43,TRUE,381.7159077,1707.591717,2,7.899301484,ok,FALSE,,0.929,5427,G,0.309831467,3.47286993,plausible,TRUE,CONFIRMED
KIC 4285107,0,2.24119,0,386.7,5.379,1.4,TRUE,291.7434671,398.4758368,14,1.118357488,ok,TRUE,,0.732,5462,G,0.140074084,1.570076396,plausible,TRUE,FALSE POSITIVE
KIC 10924853,0,2.10261,0,1106.9,3.28,1.74,TRUE,1257.950257,660.1039735,15,2.739882354,ok,TRUE,,0.959,5999,G,0.310477045,3.480106146,plausible,TRUE,FALSE POSITIVE
KIC 12252424,0,1.92157,1.00E-05,411.1,4.612,1.59,TRUE,519.938506,386.6957375,5,0.502065144,ok,TRUE,,0.693,4728,K,0.136735336,1.532652709,plausible,TRUE,CONFIRMED
KIC 2437505,0,21.4792,2.00E-05,439303.4,69.593,8.8,TRUE,471623.2013,435199.447,4,1.08158775,ok,TRUE,,1,5780,G,6.449769716,72.29482377,too_large,FALSE,CANDIDATE
KIC 4275721,0,10.58091,1.00E-05,397.3,50.788,1.25,TRUE,263.8256012,492.2075215,3,1.935991566,ok,TRUE,,0.969,6224,F,0.187961138,2.106837602,plausible,TRUE,CONFIRMED
KIC 8703884,0,14.17649,2.00E-05,1341.6,45.932,1.82,TRUE,1355.920978,1547.938921,6,0.693872918,ok,TRUE,,0.777,5107,K,0.276948611,3.104289288,plausible,TRUE,FALSE POSITIVE
KIC 11032227,0,5.20299,4.00E-05,654.3,6.244,1.36,TRUE,353.84435,1162.406516,6,3.058788441,ok,FALSE,,0.991,6185,F,0.246682852,2.765043417,plausible,TRUE,CONFIRMED
KIC 11043136,0,5.2444,1.00E-05,14360,25.173,1.49,TRUE,13932.67637,13018.68437,17,0.761590999,ok,TRUE,,0.881,5749,G,1.027341551,11.51536872,plausible,TRUE,FALSE POSITIVE
KIC 12644822,0,12.61776,1.00E-05,4692.3,56.023,2,TRUE,2408.517347,6128.992246,2,9.725285522,ok,FALSE,,0.919,5795,G,0.612588751,6.866446057,plausible,TRUE,CONFIRMED
KIC 10676923,0,7.81592,0,423.8,21.572,0.75,TRUE,765.5328863,146.6201508,4,2.425763209,ok,TRUE,,1.072,6371,F,0.21476024,2.407226059,plausible,TRUE,FALSE POSITIVE
KIC 3859628,0,8.17008,3.00E-05,752,29.412,0.87,TRUE,724.1241481,808.5134354,10,0.476325973,ok,TRUE,,0.905,5705,G,0.241498194,2.706929111,plausible,TRUE,CONFIRMED
KIC 4180280,0,4.17431,0,1211.4,13.525,3.8,TRUE,1093.971127,1272.030143,8,1.663270733,ok,TRUE,,0.776,4957,K,0.262821568,2.945940673,plausible,TRUE,CONFIRMED
KIC 8158127,0,3.7743,2.00E-05,224,18.117,0.53,TRUE,167.6966872,171.5534757,8,0.035921624,ok,TRUE,,1.86,5897,G,0.270919408,3.036708553,plausible,TRUE,CONFIRMED
KIC 892772,0,16.80859,4.00E-05,473.7,80.681,0.87,TRUE,255.26756,636.717205,5,2.194704,ok,TRUE,,0.751,5037,K,0.159049947,1.782774946,plausible,TRUE,FALSE POSITIVE
KIC 1027438,0,10.38504,,348.5,49.848,1.22,TRUE,175.3066021,361.0947851,3,1.694778849,ok,TRUE,,1,5778,G,0.181670837,2.036330243,plausible,TRUE,FALSE POSITIVE
KIC 6948054,0,16.75831,1.00E-05,9314.7,80.44,1.81,TRUE,6610.447904,12888.83984,1,24.0412598,ok,FALSE,,0.787,5103,K,0.739129961,8.284833819,plausible,TRUE,CONFIRMED
KIC 11446443,0,2.47736,0,9708.9,3.865,5.5,TRUE,8057.846032,10219.5154,3,0.674976899,ok,TRUE,,0.964,5820,G,0.924325287,10.36066971,plausible,TRUE,CONFIRMED
KIC 10975146,0,0.63123,0,344,0.757,0.63,TRUE,293.401226,259.4309281,53,0.264784635,ok,TRUE,,0.53,4441,K,0.095660713,1.072251362,plausible,TRUE,CONFIRMED
KIC 6545051,0,11.99735,3.00E-05,601.1,57.587,0.97,TRUE,413.1690679,821.6770374,2,0.989479501,ok,TRUE,,0.771,5235,G,0.183946381,2.061836594,plausible,TRUE,FALSE POSITIVE
KIC 10202759,0,1.98212,0,194.5,9.514,1.28,TRUE,216.1308632,137.3516576,4,1.961050177,ok,TRUE,,2.082,7102,F,0.282557654,3.167160483,plausible,TRUE,FALSE POSITIVE
KIC 7678434,0,12.53989,1.00E-05,4014.4,60.191,1,TRUE,-1887.306534,7250.154908,2,32.53233764,ok,FALSE,,0.888,5121,K,0.547500728,6.136880905,plausible,TRUE,CONFIRMED
KIC 8826878,0,16.7584,1.00E-05,6874.3,80.44,1.34,TRUE,7680.434351,4952.134642,1,11.38469066,ok,FALSE,,0.884,5431,G,0.713226877,7.994488742,plausible,TRUE,CONFIRMED
KIC 7870390,0,10.3447,1.00E-05,1614.9,28.551,1.48,TRUE,497.9904623,2055.229824,3,1.926163046,ok,TRUE,,0.509,3906,K,0.199047216,2.231100342,plausible,TRUE,CONFIRMED
KIC 8506766,0,14.7686,2.00E-05,3159,58.484,6.71,TRUE,-29.98825073,5361.89285,2,8.812265449,ok,FALSE,,1.761,7066,F,0.963152252,10.79587728,plausible,TRUE,FALSE POSITIVE
KIC 3957082,0,0.61563,4.00E-05,42.2,2.733,0.41,TRUE,46.07878638,-1.137890084,15,2.065786677,ok,TRUE,,5.544,6115,F,0.3504997,3.928716083,plausible,TRUE,FALSE POSITIVE
KIC 5272878,0,6.37061,1.00E-05,733.8,15.289,2.11,TRUE,654.6746253,768.4245506,5,0.59339632,ok,TRUE,,0.849,5776,G,0.223799113,2.508541873,plausible,TRUE,CONFIRMED
KIC 6362874,0,0.97596,0,189.6,1.522,1.34,TRUE,133.766384,225.6708119,9,1.243172676,ok,TRUE,,0.832,5487,G,0.111491771,1.249700107,plausible,TRUE,CONFIRMED
KIC 5809954,0,15.91762,0.0003,415.1,70.674,1.15,TRUE,444.3335752,274.0787776,2,1.413820294,ok,TRUE,,0.449,3645,M,0.089021998,0.99783867,plausible,TRUE,FALSE POSITIVE
KIC 5557821,0,33.82595,1.00E-05,561.7,162.365,1.2,TRUE,384.4023153,563.0034924,2,1.476534302,ok,TRUE,,0.883,5955,G,0.203648625,2.282677068,plausible,TRUE,FALSE POSITIVE
KIC 6891543,0,15.26681,0,6547.5,73.281,2.18,TRUE,7221.458762,6920.249029,2,2.781903146,ok,TRUE,,0.996,5739,G,0.784255933,8.790646331,plausible,TRUE,FALSE POSITIVE
KIC 8111381,0,2.23459,0,2547.3,5.363,3.59,TRUE,2458.263532,2490.154058,14,0.100180343,ok,TRUE,,0.846,5741,G,0.415502308,4.657323819,plausible,TRUE,FALSE POSITIVE
KIC 5880320,0,15.92151,6.00E-05,564.2,76.423,1.12,TRUE,355.9498257,724.8035549,2,2.758727838,ok,TRUE,,1.458,6021,F,0.337014628,3.777563268,plausible,TRUE,CONFIRMED
KIC 6956233,0,4.81763,1.00E-05,858.5,23.125,1.31,TRUE,830.935109,905.6687029,18,0.670402725,ok,TRUE,,0.651,5030,K,0.185610356,2.080487919,plausible,TRUE,FALSE POSITIVE
KIC 4860678,0,0.42944,8.00E-05,110.6,1.907,0.18,TRUE,34.71480349,-39.01050755,77,1.293699552,ok,TRUE,,1.616,5557,G,0.165373241,1.853652121,plausible,TRUE,CONFIRMED
KIC 10583066,0,6.03015,1.00E-05,1580.7,7.236,1.63,TRUE,1637.070163,745.7899278,5,1.459880661,ok,TRUE,,0.672,4537,K,0.259992168,2.91422621,plausible,TRUE,CONFIRMED
KIC 3337432,0,15.06522,3.00E-05,377.7,72.313,1.14,TRUE,148.6036105,661.3132902,2,4.979483021,ok,FALSE,,2.088,6208,F,0.3948718,4.426078522,plausible,TRUE,FALSE POSITIVE
KIC 6934291,0,16.04389,0,1575.6,77.011,1.75,TRUE,1931.373677,1293.722253,2,2.074592452,ok,TRUE,,0.853,5073,K,0.329487524,3.693192704,plausible,TRUE,CONFIRMED
KIC 5021899,0,21.80835,7.00E-05,956.6,96.829,1.45,TRUE,1068.492585,1022.179539,4,0.243906061,ok,TRUE,,0.999,5601,G,0.300673948,3.370224219,plausible,TRUE,CONFIRMED
KIC 4664847,0,7.7498,1.00E-05,2064.3,25.109,2.87,TRUE,2062.584901,2195.396651,11,0.63648659,ok,TRUE,,1.085,5973,G,0.47970667,5.376984095,plausible,TRUE,CONFIRMED
KIC 4275739,0,2.17176,0,31734.1,4.43,3.63,TRUE,32145.82159,29745.5343,41,1.09234858,ok,TRUE,,0.891,5650,G,1.54455304,17.31274057,plausible,TRUE,FALSE POSITIVE
KIC 3946023,0,1.03491,1.00E-05,92.7,1.614,0.87,TRUE,66.62326613,95.13152576,9,0.604381873,ok,TRUE,,1.457,6057,F,0.136492386,1.529929508,plausible,TRUE,FALSE POSITIVE
KIC 12644774,0,41.13169,0.0002,4068.3,182.625,6.72,TRUE,2636.187056,5359.500091,2,3.304064534,ok,FALSE,,0.938,5665,G,0.58219989,6.525820352,plausible,TRUE,FALSE POSITIVE
KIC 8247638,0,16.26865,3.00E-05,785.8,78.09,0.72,TRUE,1269.397257,524.2708118,2,4.461625452,ok,FALSE,,0.866,5527,G,0.23622533,2.6478261,plausible,TRUE,CONFIRMED
KIC 5009189,0,15.06585,1.00E-05,585.4,72.316,1.59,TRUE,637.6061696,532.1605196,2,0.455235026,ok,TRUE,,1.17,5956,G,0.275480086,3.087828738,plausible,TRUE,FALSE POSITIVE
KIC 11193447,0,0.62587,0,24970.2,0.976,2.19,TRUE,29845.15805,26728.47537,15,0.995624132,ok,TRUE,,1.188,6286,F,1.826791569,20.47632402,plausible,TRUE,FALSE POSITIVE
KIC 8605074,0,37.57984,1.00E-05,53873.3,180.383,12.95,TRUE,54522.447,53045.13099,2,0.637064747,ok,TRUE,,1.096,6140,F,2.475479688,27.74740428,plausible,TRUE,FALSE POSITIVE
KIC 10604335,0,8.59608,2.00E-05,1470.3,41.261,1.07,TRUE,1135.984059,972.1124898,3,0.677689686,ok,TRUE,,0.582,4141,K,0.217167064,2.434203904,plausible,TRUE,CONFIRMED
KIC 6690082,0,2.13866,0,255.5,4.363,0.88,TRUE,319.5995952,212.5357177,15,0.97313696,ok,TRUE,,1.08,5534,G,0.167976213,1.882828576,plausible,TRUE,CONFIRMED
KIC 5651104,0,3.04118,0,8194.1,4.744,4.58,TRUE,8433.513023,8348.170828,11,0.08580864,ok,TRUE,,0.791,5035,K,0.696769371,7.810018207,plausible,TRUE,CONFIRMED
KIC 3962357,0,16.14786,0.0001,415.9,77.51,0.89,TRUE,378.5736166,482.0226865,2,0.650081265,ok,TRUE,,1.507,6143,F,0.299085258,3.352416747,plausible,TRUE,CONFIRMED
KIC 9705459,0,2.77775,0,31126.1,13.333,1.71,TRUE,37944.89424,31164.64282,12,2.915905884,ok,TRUE,,1.198,5892,G,2.056747427,23.05387624,plausible,TRUE,FALSE POSITIVE
KIC 2438502,0,4.17947,0,18703.9,20.061,1.61,TRUE,16153.2741,22423.59406,21,3.581386317,ok,FALSE,,2.445,5463,G,3.253920005,36.47286394,too_large,FALSE,FALSE POSITIVE
KIC 8256453,0,2.69475,0,1948.6,12.935,1.16,TRUE,2110.684396,2428.428437,33,0.80861703,ok,TRUE,,0.685,5316,G,0.294249368,3.298211739,plausible,TRUE,FALSE POSITIVE
KIC 5372966,0,9.26845,0,32557.7,30.03,6.22,TRUE,32976.13961,27079.52196,3,0.681062724,ok,TRUE,,0.821,5670,G,1.441558521,16.1582853,plausible,TRUE,FALSE POSITIVE
KIC 8179973,0,0.41866,,49.5,1.859,0.35,TRUE,12.17115232,30.73510611,23,0.692526884,ok,TRUE,,1,5778,G,0.068484657,0.767637673,plausible,TRUE,FALSE POSITIVE
KIC 4725681,0,15.59789,9.00E-05,17910.2,74.87,1.47,TRUE,23096.06013,10159.54907,2,39.96257023,ok,FALSE,,0.524,3747,K,0.682407834,7.649041167,plausible,TRUE,CONFIRMED
KIC 6541920,0,13.04545,0.00032,765.7,51.66,2.96,TRUE,590.1931775,852.77684,2,1.869349173,ok,TRUE,,1.046,5657,G,0.281664036,3.157144016,plausible,TRUE,CONFIRMED
KIC 6862603,0,2.86144,0,1285.7,3.434,1.53,TRUE,1216.976919,1055.542092,30,1.000178862,ok,TRUE,,1.021,6126,F,0.356256724,3.993245989,plausible,TRUE,FALSE POSITIVE
KIC 10730034,0,13.94834,1.00E-05,2595,66.952,1.58,TRUE,3168.376533,2161.455252,2,4.081311486,ok,FALSE,,0.878,5114,K,0.435236429,4.878521613,plausible,TRUE,CONFIRMED
KIC 8386035,0,0.46063,,89.1,2.211,0.31,TRUE,67.84057066,44.7660099,21,0.740523288,ok,TRUE,,1,5778,G,0.091840602,1.029432125,plausible,TRUE,FALSE POSITIVE
KIC 7770450,0,11.32864,0,678.7,54.377,0.93,TRUE,389.1584397,677.7285403,7,1.290411793,ok,TRUE,,0.886,5566,G,0.224605329,2.517578676,plausible,TRUE,FALSE POSITIVE
KIC 10666230,0,1.57721,0,546.9,2.46,1.06,TRUE,301.2074137,584.7275683,21,1.948460163,ok,TRUE,,0.802,6089,F,0.182513287,2.045773177,plausible,TRUE,FALSE POSITIVE
KIC 4913852,0,16.75862,1.00E-05,4421,80.441,1.72,TRUE,874.6259477,6422.296433,1,25.55852365,ok,FALSE,,0.517,3692,M,0.334512194,3.749513728,plausible,TRUE,CONFIRMED
KIC 5481416,0,16.35772,0,7362.5,78.517,1.41,TRUE,5905.773139,8056.696522,5,3.138737661,ok,FALSE,,0.701,4794,K,0.585318996,6.560782092,plausible,TRUE,FALSE POSITIVE
KIC 8397675,0,0.55246,0,517.2,0.663,1.77,TRUE,632.4471923,543.3431614,17,0.606192335,ok,TRUE,,3.142,5679,G,0.695312777,7.793691382,plausible,TRUE,FALSE POSITIVE
KIC 11546211,0,2.18692,0,28096,10.497,1.63,TRUE,29522.76801,29298.22329,15,0.146967953,ok,TRUE,,0.334,3497,M,0.544791624,6.106514838,plausible,TRUE,FALSE POSITIVE
KIC 4664046,0,10.8372,1.00E-05,3143.7,52.019,1.72,TRUE,3283.775857,3037.375263,3,0.671424942,ok,TRUE,,0.715,5366,G,0.390108411,4.372686168,plausible,TRUE,FALSE POSITIVE
KIC 11449844,0,16.7709,0,11678.1,80.5,3.07,TRUE,20198.88197,6419.640801,1,14.14255776,ok,FALSE,,0.879,5510,G,0.924349512,10.36094125,plausible,TRUE,CONFIRMED
KIC 3839488,0,3.48479,4.00E-05,226,8.363,1.34,TRUE,203.2958438,218.4340099,2,0.143621584,ok,TRUE,,1.435,5800,G,0.209925508,2.353034023,plausible,TRUE,CONFIRMED
KIC 12061096,0,0.42755,8.00E-05,171.7,2.052,0.14,TRUE,85.14638826,2.002259715,78,1.151870333,ok,TRUE,,0.989,5887,G,0.126118627,1.413651079,plausible,TRUE,FALSE POSITIVE
KIC 2441728,0,3.24461,0,190.7,15.574,0.72,TRUE,85.6067416,212.6389775,2,2.350885589,ok,TRUE,,0.873,6021,F,0.117327066,1.315107347,plausible,TRUE,FALSE POSITIVE
KIC 4078157,0,16.03328,1.00E-05,26970.9,38.48,14.06,FALSE,25528.9923,28244.09205,5,0.603244222,ok,TRUE,,0.789,5776,G,1.260916835,14.13349072,plausible,TRUE,FALSE POSITIVE
KIC 5780460,0,35.59769,5.00E-05,4724.7,170.869,5.8,TRUE,4812.263997,4711.833743,2,0.309589141,ok,TRUE,,0.779,5123,K,0.521057816,5.840484951,plausible,TRUE,CONFIRMED
KIC 9692128,0,0.45722,0,45.5,1.811,0.2,TRUE,14.67340042,41.49926489,73,1.180723188,ok,TRUE,,1.081,5996,G,0.070959421,0.795377052,plausible,TRUE,FALSE POSITIVE
KIC 9940565,0,2.13882,0,5829.7,3.337,1.88,TRUE,5956.048634,5397.584637,15,0.548639127,ok,TRUE,,0.666,4765,K,0.494834839,5.546554231,plausible,TRUE,FALSE POSITIVE
KIC 5376836,0,3.48063,0,14455.8,9.607,2.08,TRUE,15622.26385,15809.89884,9,0.095736972,ok,TRUE,,0.878,5907,G,1.027254744,11.5143957,plausible,TRUE,FALSE POSITIVE
KIC 8039892,0,5.00462,0,6115.3,19.818,2.71,TRUE,5920.853243,5480.914737,6,0.679584728,ok,TRUE,,0.827,5865,G,0.629328692,7.054082376,plausible,TRUE,CONFIRMED
KIC 8564587,0,10.99996,0,580,52.8,0.55,TRUE,-107.0038924,935.4731717,3,6.85793494,ok,FALSE,,0.786,5320,G,0.184205408,2.064739994,plausible,TRUE,CONFIRMED
KIC 12404086,0,0.419,6.00E-05,164.1,2.011,0.12,TRUE,5.850626336,37.12467515,79,0.361974503,ok,TRUE,,0.763,5129,K,0.095107154,1.066046578,plausible,TRUE,CONFIRMED
KIC 8628973,0,3.31611,0,1170.8,5.173,1.46,TRUE,1223.687386,1189.611139,10,0.125359362,ok,TRUE,,0.944,5609,G,0.314319402,3.52317474,plausible,TRUE,CONFIRMED
KIC 2721030,0,6.10932,2.00E-05,892.9,24.193,1.29,TRUE,1157.016191,752.4245038,5,1.455653283,ok,TRUE,,0.937,5957,G,0.272453772,3.053907089,plausible,TRUE,CONFIRMED
KIC 8937021,0,11.69384,1.00E-05,1119.8,56.13,1.66,TRUE,366.6255216,1300.688182,2,3.586826079,ok,FALSE,,0.723,4917,K,0.235437467,2.638995023,plausible,TRUE,FALSE POSITIVE
KIC 6880531,0,13.93907,,810.9,66.908,1.49,TRUE,683.8116401,610.3264457,2,0.416578471,ok,TRUE,,1,5778,G,0.277114295,3.106146421,plausible,TRUE,FALSE POSITIVE
KIC 10963242,0,2.0659,2.00E-05,155.4,7.437,0.48,TRUE,94.96632696,222.2328928,16,1.727504375,ok,TRUE,,1.296,6110,F,0.157200848,1.76204859,plausible,TRUE,CONFIRMED
KIC 6267425,0,3.16632,0,3050.7,6.459,2.04,TRUE,3029.069161,2863.158615,28,0.430942865,ok,TRUE,,0.704,4968,K,0.378387506,4.24130772,plausible,TRUE,FALSE POSITIVE
KIC 3440861,0,3.00065,,147,11.883,0.53,TRUE,170.7455581,129.2182689,11,0.593770248,ok,TRUE,,1,5778,G,0.117988047,1.322516222,plausible,TRUE,FALSE POSITIVE
KIC 4079535,0,17.72515,1.00E-05,5593.1,48.921,4.31,TRUE,5698.956373,5146.083608,5,0.599706982,ok,TRUE,,1.006,6181,F,0.732127217,8.206340767,plausible,TRUE,FALSE POSITIVE
KIC 9002237,0,2.17624,0,10658.7,4.44,1.56,TRUE,13037.1712,8187.848023,15,2.521249701,ok,TRUE,,0.953,6060,F,0.957429985,10.73173696,plausible,TRUE,FALSE POSITIVE
KIC 4372768,0,0.44079,0.00018,104.5,2.116,0.14,TRUE,19.89040633,16.31263149,203,0.075375695,ok,TRUE,,0.826,5346,G,0.08215316,0.920846551,plausible,TRUE,FALSE POSITIVE
KIC 11493431,0,16.77704,1.00E-05,1183.1,80.53,1.09,TRUE,891.0597802,1062.085803,1,0.635142067,ok,TRUE,,0.782,4798,K,0.261740161,2.933819293,plausible,TRUE,CONFIRMED
KIC 1722276,0,14.38546,0.0015,1298.6,69.05,1.65,TRUE,624.8121593,1597.056753,2,2.588897282,ok,TRUE,,2.057,5367,G,0.72133759,8.085400909,plausible,TRUE,FALSE POSITIVE
KIC 5816811,0,2.22783,0,683.3,6.149,1.73,TRUE,856.2173834,482.9978117,15,3.343015342,ok,FALSE,,0.922,6038,F,0.234522948,2.628744275,plausible,TRUE,FALSE POSITIVE
KIC 10874614,0,3.24516,0,8204,10.514,4.62,TRUE,8283.457636,8348.470655,2,0.092637868,ok,TRUE,,1.291,5640,G,1.137894524,12.75454593,plausible,TRUE,CONFIRMED
KIC 5097470,0,0.64467,1.00E-05,109.2,1.547,0.36,TRUE,49.34172992,148.2242783,51,2.506762008,ok,TRUE,,1.132,5631,G,0.115107856,1.290232442,plausible,TRUE,FALSE POSITIVE
KIC 2837111,0,3.71769,4.00E-05,312.2,17.845,0.72,TRUE,285.2013932,288.1008901,9,0.027430088,ok,TRUE,,0.96,5982,G,0.165067281,1.850222644,plausible,TRUE,CONFIRMED
KIC 8751933,0,8.15756,4.00E-05,509.6,39.156,1.05,TRUE,346.4731567,752.2285084,4,2.085514227,ok,TRUE,,1.12,5522,G,0.246041816,2.757858115,plausible,TRUE,CONFIRMED
KIC 3832474,0,15.81542,0.00023,27588.2,75.914,2.14,TRUE,31518.02813,31773.97529,2,0.974131468,ok,TRUE,,0.867,5485,G,1.401336431,15.70743992,plausible,TRUE,CONFIRMED
KIC 8803882,0,4.82369,0.00154,310.9,23.154,1.08,TRUE,343.1056428,198.1170756,2,2.273573372,ok,TRUE,,2.46,5192,K,0.422103644,4.73131754,plausible,TRUE,FALSE POSITIVE
KIC 8359498,0,3.58125,0,9912.1,8.595,5.82,TRUE,10534.78663,9914.373944,9,0.964887596,ok,TRUE,,0.994,5524,G,0.963012435,10.79431008,plausible,TRUE,CONFIRMED
KIC 10148521,0,13.36301,0,801.2,64.142,1.4,TRUE,689.880897,855.2907966,2,0.78555591,ok,TRUE,,0.849,5668,G,0.233847791,2.621176509,plausible,TRUE,FALSE POSITIVE
KIC 8312852,0,7.45091,2.00E-05,1380.8,15.2,2.96,TRUE,1377.943933,1091.048243,4,0.996145787,ok,TRUE,,0.877,5815,G,0.317124962,3.554621985,plausible,TRUE,FALSE POSITIVE
KIC 6696462,0,3.40156,0,616.7,4.082,1.52,TRUE,700.627224,567.8247625,9,0.51818075,ok,TRUE,,0.853,5596,G,0.206133367,2.310528299,plausible,TRUE,FALSE POSITIVE
KIC 10748393,0,4.8884,0,5515.7,9.972,1.33,TRUE,4356.228345,7187.145753,18,2.041645231,ok,TRUE,,0.812,5284,G,0.586836533,6.57779202,plausible,TRUE,FALSE POSITIVE
KIC 5283542,0,5.97915,1.00E-05,795.8,14.35,1.23,TRUE,949.1857195,757.9223965,5,0.614373583,ok,TRUE,,0.997,6108,F,0.27368268,3.067681793,plausible,TRUE,FALSE POSITIVE
KIC 6666233,0,11.81696,0,2091.7,56.721,1.07,TRUE,203.1549353,2453.486035,2,7.152519738,ok,FALSE,,0.563,3862,K,0.250563577,2.80854208,plausible,TRUE,FALSE POSITIVE
KIC 6670075,0,1.08876,0,50.2,2.613,0.66,TRUE,1.547114103,62.81192783,8,2.264981016,ok,TRUE,,2.094,8621,A,0.144430038,1.618901856,plausible,TRUE,FALSE POSITIVE
KIC 5648449,0,3.91957,1.00E-05,3594.4,18.814,0.88,TRUE,-5298.03583,7388.999355,2,14.58970941,ok,FALSE,,101.451,3598,M,59.18742019,663.4258741,too_large_mdwarf,FALSE,FALSE POSITIVE
KIC 10528068,0,9.0854,0.00047,128.9,25.076,1.04,TRUE,115.1006084,103.4969468,3,0.144667297,ok,TRUE,,1.034,5751,G,0.114246687,1.280579695,plausible,TRUE,CONFIRMED
KIC 11336883,0,3.92083,3.00E-05,126.3,18.82,1.19,TRUE,195.9357659,49.21554403,2,3.916612468,ok,FALSE,,1.458,6221,F,0.15945911,1.787361219,plausible,TRUE,CONFIRMED
KIC 9048161,0,8.66007,1.00E-05,966.3,28.059,3.93,TRUE,988.7092866,831.4010555,3,0.902329215,ok,TRUE,,1.889,6266,F,0.571406365,6.404836806,plausible,TRUE,FALSE POSITIVE
KIC 10227501,0,15.48428,1.00E-05,2698.5,74.325,0.94,TRUE,-1657.154242,5173.344298,2,16.65171061,ok,FALSE,,0.892,5346,G,0.450907711,5.054179442,plausible,TRUE,FALSE POSITIVE
KIC 5477805,0,9.38354,2.00E-05,515.4,45.041,1.42,TRUE,466.4869902,558.599215,3,0.943569497,ok,TRUE,,1.383,6116,F,0.305539784,3.424764886,plausible,TRUE,FALSE POSITIVE
KIC 7025526,0,0.41225,0,20.3,1.979,0.31,TRUE,22.85871599,8.249189476,23,1.207365043,ok,TRUE,,0.676,4699,K,0.029609248,0.331887096,plausible,TRUE,FALSE POSITIVE
KIC 5881688,0,4.19027,0,2392.4,11.565,3.46,TRUE,2704.797825,2317.081091,7,1.560522543,ok,TRUE,,1.135,6073,F,0.54022893,6.05537205,plausible,TRUE,CONFIRMED
KIC 6032981,0,1.82817,0.0003,806.1,8.775,1.33,TRUE,937.9154697,630.6240402,5,2.551954881,ok,TRUE,,16.959,5234,G,4.685561947,52.51999531,too_large,FALSE,FALSE POSITIVE
KIC 3557493,0,1.68884,0,280.6,7.498,0.47,TRUE,195.5401324,178.359248,19,0.150070954,ok,TRUE,,1.031,6277,F,0.168064556,1.883818797,plausible,TRUE,FALSE POSITIVE
KIC 9288786,0,1.74413,0,8202.9,2.093,4.5,TRUE,7736.659216,7638.583908,19,0.11777545,ok,TRUE,,0.703,4368,K,0.61958479,6.944863952,plausible,TRUE,FALSE POSITIVE
KIC 10341913,0,0.46748,0,92.5,1.683,0.62,TRUE,101.8569145,39.73866777,20,1.879011098,ok,TRUE,,2.188,6215,F,0.204824228,2.295854286,plausible,TRUE,FALSE POSITIVE
KIC 5297298,0,4.70203,0,5976.2,16.927,3.78,TRUE,106.8814967,11008.83201,2,29.05482874,ok,FALSE,,1.786,6129,F,1.343553663,15.05975865,plausible,TRUE,FALSE POSITIVE
KIC 10031656,0,8.59444,9.00E-05,533.5,41.253,0.97,TRUE,563.9079273,510.9187239,3,0.32397166,ok,TRUE,,0.876,5817,G,0.196890695,2.206928109,plausible,TRUE,FALSE POSITIVE
KIC 10801100,0,9.63083,0.00277,458.5,46.228,1.59,TRUE,449.6424723,504.1825638,3,0.570206039,ok,TRUE,,1.698,6711,F,0.353801713,3.965728018,plausible,TRUE,FALSE POSITIVE
KIC 8609450,0,3.26809,0.0001,293.8,15.687,0.41,TRUE,172.0958305,327.9928564,10,1.017319301,ok,TRUE,,0.872,5600,G,0.145446961,1.630300447,plausible,TRUE,CONFIRMED
KIC 8226994,0,11.16607,1.00E-05,633.4,53.597,1.2,TRUE,252.876371,610.2098606,2,1.542355591,ok,TRUE,,0.838,5029,K,0.205236788,2.300478635,plausible,TRUE,CONFIRMED
KIC 9479273,0,6.11021,0,1895.3,21.997,4.51,TRUE,1912.023652,1972.599844,5,0.556386457,ok,TRUE,,0.712,5085,K,0.301631887,3.380961656,plausible,TRUE,CONFIRMED
KIC 10601284,0,10.53683,1.00E-05,885.9,50.577,1.42,TRUE,329.9999732,1016.942876,3,2.528308753,ok,TRUE,,0.91,5185,K,0.263565608,2.954280539,plausible,TRUE,CONFIRMED
KIC 11043167,0,5.30108,0.00026,211.7,25.445,0.92,TRUE,277.8763282,76.66115132,6,2.758018067,ok,TRUE,,1.164,6121,F,0.164806402,1.847298478,plausible,TRUE,CONFIRMED
KIC 8280511,0,0.55409,3.00E-05,65,1.529,0.46,TRUE,71.26507256,3.901524766,17,1.876494537,ok,TRUE,,0.853,5528,G,0.066905266,0.74993444,plausible,TRUE,CONFIRMED
KIC 8180063,0,5.79393,1.00E-05,1172.2,15.991,2.65,TRUE,962.0772114,1187.225486,5,1.186993069,ok,TRUE,,0.827,5865,G,0.275533186,3.088423924,plausible,TRUE,FALSE POSITIVE
KIC 4386059,0,29.54102,1.00E-05,408.6,141.797,1.39,TRUE,42.00513391,539.6066553,3,2.852348769,ok,TRUE,,1.371,6547,F,0.269673373,3.022741868,plausible,TRUE,FALSE POSITIVE
KIC 3124412,0,0.94914,0,1099.6,2.278,1.93,TRUE,1152.403901,1208.478764,35,0.609155824,ok,TRUE,,1.133,6307,F,0.365602219,4.097998707,plausible,TRUE,FALSE POSITIVE
KIC 8394721,0,14.11386,4.00E-05,1714.1,67.747,4.01,TRUE,3131.403406,105.594089,2,32.67073661,ok,FALSE,,1.324,6198,F,0.533412204,5.978964052,plausible,TRUE,CONFIRMED
KIC 9902856,0,0.42897,0.00022,65.1,2.059,0.11,TRUE,-5.138714789,3.223142248,206,0.266852567,ok,TRUE,,0.959,6141,F,0.075312438,0.844169592,plausible,TRUE,FALSE POSITIVE
KIC 2309585,0,1.83852,0,1430.3,3.751,1.95,TRUE,1208.901923,1503.273526,48,1.657490457,ok,TRUE,,0.94,5751,G,0.345946396,3.877678563,plausible,TRUE,FALSE POSITIVE
KIC 4455231,0,42.03575,8.00E-05,1195.4,186.639,1.99,TRUE,1448.655024,701.8448307,2,6.964699503,ok,FALSE,,1.522,5661,G,0.51207633,5.739812376,plausible,TRUE,CONFIRMED
KIC 8848271,0,10.01409,1.00E-05,3135.8,27.639,5.17,TRUE,3414.715062,2723.515693,3,0.932067885,ok,TRUE,,1.096,5874,G,0.597240111,6.694404679,plausible,TRUE,FALSE POSITIVE
KIC 9632895,0,3.61936,0,1320.8,17.373,1.48,TRUE,612.5997831,1997.274107,2,9.40011734,ok,FALSE,,0.772,5620,G,0.27301888,3.060241326,plausible,TRUE,FALSE POSITIVE
KIC 11922678,0,0.64077,3.00E-05,57.7,3.076,0.36,TRUE,35.39842053,24.71716537,15,0.292298562,ok,TRUE,,1.17,6453,F,0.086476177,0.969302821,plausible,TRUE,FALSE POSITIVE
KIC 4043190,0,0.68502,2.00E-05,66.2,3.288,0.44,TRUE,48.92882221,41.11364623,14,0.232228741,ok,TRUE,,1.421,5426,G,0.112529939,1.261336833,plausible,TRUE,CONFIRMED
KIC 4826110,0,0.56616,1.00E-05,101.7,2.514,0.23,TRUE,56.60402594,56.93878378,59,0.006266927,ok,TRUE,,0.811,5199,K,0.07959045,0.89212139,plausible,TRUE,FALSE POSITIVE
KIC 3114661,0,0.44431,0,14292.6,0.693,2.22,TRUE,15033.20451,12876.10645,199,3.036688863,ok,FALSE,,0.636,5255,G,0.739903744,8.293507081,plausible,TRUE,FALSE POSITIVE
KIC 9784222,0,0.40057,0,72.5,1.442,0.27,TRUE,59.75998286,31.82286911,83,0.90856634,ok,TRUE,,1.031,6258,F,0.085403438,0.957278595,plausible,TRUE,FALSE POSITIVE
KIC 3966912,0,9.75185,0.00035,1120.2,46.809,1.61,TRUE,569.4773251,1627.686379,3,3.241190663,ok,FALSE,,0.853,5587,G,0.277816077,3.11401263,plausible,TRUE,FALSE POSITIVE
KIC 3554031,0,21.75901,3.00E-05,2791.8,104.443,1.42,TRUE,3418.717544,2434.443413,4,1.582764903,ok,TRUE,,0.554,4362,K,0.28485016,3.192856953,plausible,TRUE,CONFIRMED
KIC 4381282,0,0.49675,0,193.6,2.206,0.28,TRUE,215.3803609,89.26775334,67,1.693220443,ok,TRUE,,0.63,5271,G,0.085296215,0.956076739,plausible,TRUE,FALSE POSITIVE
KIC 6292162,0,7.81431,1.00E-05,1867.8,15.941,3.74,TRUE,2066.079329,1909.270743,11,0.505672613,ok,TRUE,,0.931,5887,G,0.391535681,4.38868429,plausible,TRUE,FALSE POSITIVE
KIC 10118816,0,16.52969,4.00E-05,1690.8,73.392,1.16,TRUE,278.5708293,2767.896909,2,8.608057048,ok,FALSE,,0.509,3975,K,0.203669309,2.282908914,plausible,TRUE,CONFIRMED
KIC 11761199,0,16.64522,0.00017,54786.1,79.897,6.5,TRUE,731.3673627,93181.42678,2,14.09132846,ok,FALSE,,0.845,5931,G,1.924659523,21.57331613,plausible,TRUE,FALSE POSITIVE
KIC 11463211,0,1.50617,0,1961.3,1.807,2.91,TRUE,1737.965125,1800.997585,22,0.232577113,ok,TRUE,,0.831,5714,G,0.358123116,4.0141662,plausible,TRUE,FALSE POSITIVE
KIC 7037540,0,14.4118,0,26020.8,69.177,8.19,TRUE,24226.23453,27535.5333,6,1.513616061,ok,TRUE,,1.346,5945,G,2.112844014,23.68265726,plausible,TRUE,FALSE POSITIVE
KIC 6756669,0,5.8559,0,29400,14.054,6.63,TRUE,29393.44766,28209.87367,5,0.478568805,ok,TRUE,,0.806,5532,G,1.344839925,15.07417624,plausible,TRUE,FALSE POSITIVE
KIC 9777251,0,3.94961,2.00E-05,1218.9,18.958,1.02,TRUE,1240.602249,1127.844782,22,0.508331717,ok,TRUE,,1.054,5774,G,0.358091624,4.013813203,plausible,TRUE,FALSE POSITIVE
KIC 8218274,0,1.18765,0,15617.8,3.278,2.82,TRUE,15182.79502,14706.19499,28,0.527242832,ok,TRUE,,1.489,6424,F,1.810783413,20.2968902,plausible,TRUE,FALSE POSITIVE
KIC 4858610,0,11.32895,2.00E-05,498.2,54.379,1.13,TRUE,142.5790497,606.2098303,2,2.111338173,ok,TRUE,,0.872,5458,G,0.189405006,2.123021773,plausible,TRUE,FALSE POSITIVE
KIC 8823426,0,25.76991,0,1926.1,123.696,2.1,TRUE,2338.449975,1755.918823,3,1.07909616,ok,TRUE,,0.473,3755,K,0.202002986,2.264231267,plausible,TRUE,FALSE POSITIVE
KIC 3231341,0,9.7533,4.00E-05,1495,46.816,1.11,TRUE,1578.816518,1107.199932,3,1.290552335,ok,TRUE,,1.24,5896,G,0.466550481,5.229517685,plausible,TRUE,CONFIRMED
KIC 7284688,0,0.64515,0,34096.5,1.006,2,TRUE,37356.02531,39673.5863,15,0.499405779,ok,TRUE,,0.972,5458,G,1.746558931,19.5770044,plausible,TRUE,FALSE POSITIVE
KIC 6500206,0,12.54395,5.00E-05,696.6,60.211,0.98,TRUE,-139.163784,1033.611092,2,6.310781562,ok,FALSE,,0.961,5263,G,0.246813167,2.766504113,plausible,TRUE,FALSE POSITIVE
KIC 5956787,0,0.56915,0,1165.1,1.161,1.63,TRUE,810.9825733,1175.217041,17,1.68449875,ok,TRUE,,0.656,4788,K,0.217890915,2.442317482,plausible,TRUE,FALSE POSITIVE
KIC 5287983,0,2.50712,0,875.6,3.911,1.24,TRUE,931.5322496,868.2561338,35,0.344494644,ok,TRUE,,0.939,5926,G,0.270376332,3.030621268,plausible,TRUE,FALSE POSITIVE
KIC 10973814,0,0.41359,0.00016,81.2,1.985,0.12,TRUE,-21.63202121,23.78867414,80,1.515415792,ok,TRUE,,1.071,5514,G,0.093919365,1.052732767,plausible,TRUE,CONFIRMED
KIC 8098728,0,2.26836,0.00034,602.3,10.888,1.47,TRUE,551.1658611,558.2153279,4,0.109495986,ok,TRUE,,2.995,6655,F,0.715264773,8.017331314,plausible,TRUE,FALSE POSITIVE
KIC 9710326,0,11.16632,5.00E-05,1634.5,53.598,1.17,TRUE,-322.0454305,2867.43892,2,12.65332458,ok,FALSE,,0.461,3755,K,0.181364344,2.03289479,plausible,TRUE,CONFIRMED
KIC 11356260,0,1.69023,4.00E-05,215.1,8.113,0.38,TRUE,152.8509553,169.7495284,19,0.200386816,ok,TRUE,,0.986,5822,G,0.140711688,1.577223242,plausible,TRUE,CONFIRMED
KIC 9818381,0,3.02544,0,6901.6,7.261,3.96,TRUE,7952.808278,7062.100483,11,2.321016373,ok,TRUE,,1.358,6063,F,1.097832103,12.30549026,plausible,TRUE,CONFIRMED
KIC 9480189,0,9.83993,1.00E-05,5809.3,47.232,1.24,TRUE,8809.985839,1724.886621,3,8.038277213,ok,FALSE,,0.973,5188,K,0.721666752,8.089090453,plausible,TRUE,CONFIRMED
KIC 8174625,0,16.75702,5.00E-05,1856,74.401,1.23,TRUE,1452.254524,3126.048193,1,10.82729266,ok,FALSE,,0.966,5568,G,0.404978147,4.539359556,plausible,TRUE,CONFIRMED
KIC 8288947,0,16.04528,1.00E-05,801.8,77.017,1.16,TRUE,359.8113495,1356.01021,2,6.820752283,ok,FALSE,,0.788,5311,G,0.217133582,2.433828605,plausible,TRUE,CONFIRMED
KIC 8081482,0,2.81977,0,73509.4,9.136,2.58,TRUE,77698.42641,73825.19984,11,0.761338392,ok,TRUE,,1.074,5767,G,2.833593658,31.76146795,too_large,FALSE,FALSE POSITIVE
KIC 3861611,0,21.61508,3.00E-05,1471.8,103.752,1.06,TRUE,1564.710717,1144.713734,4,1.366900105,ok,TRUE,,0.906,5984,G,0.338232755,3.791217125,plausible,TRUE,FALSE POSITIVE
KIC 11820830,0,1.05229,2.00E-05,2388.2,5.051,1.17,TRUE,1817.298446,1416.284877,9,1.554528558,ok,TRUE,,1.568,7238,F,0.745663089,8.358062995,plausible,TRUE,FALSE POSITIVE
KIC 7303287,0,8.5932,6.00E-05,11194.7,41.247,1.68,TRUE,12844.39303,9930.046518,3,2.520580573,ok,TRUE,,1.115,5933,G,1.148001509,12.86783411,plausible,TRUE,CONFIRMED
KIC 9895006,0,7.18914,4.00E-05,251.8,31.92,0.88,TRUE,245.0446109,217.8041993,4,0.30914519,ok,TRUE,,1.171,5610,G,0.180812093,2.026704666,plausible,TRUE,CONFIRMED
KIC 6579806,0,9.88779,0,14166,15.425,7.2,FALSE,11306.36079,14292.22265,3,0.973299287,ok,TRUE,,0.917,6113,F,1.062074986,11.90469231,plausible,TRUE,FALSE POSITIVE
KIC 6922244,0,3.55094,0,7420.1,8.522,4.88,TRUE,8023.85575,5865.733803,2,1.215693016,ok,TRUE,,1.451,6225,F,1.216279397,13.63315413,plausible,TRUE,CONFIRMED
KIC 7303253,0,14.47918,6.00E-05,670.4,69.5,1.38,TRUE,852.5231302,513.9769037,2,2.193120943,ok,TRUE,,0.721,4919,K,0.181661691,2.036227725,plausible,TRUE,CONFIRMED
KIC 6044553,0,16.75581,0,3985.8,80.428,1.11,TRUE,3081.416596,5998.21028,1,15.64592101,ok,FALSE,,0.698,5271,G,0.42881859,4.806584693,plausible,TRUE,FALSE POSITIVE
KIC 2445129,0,10.33733,3.00E-05,420.7,40.936,0.99,TRUE,343.3720826,493.0485325,3,0.758532336,ok,TRUE,,1.06,5927,G,0.211564812,2.371408817,plausible,TRUE,FALSE POSITIVE
KIC 5649215,0,2.44676,0,342.9,4.991,0.83,TRUE,328.8263125,416.5794481,13,0.705655397,ok,TRUE,,0.863,5764,G,0.155513462,1.743134844,plausible,TRUE,FALSE POSITIVE
KIC 10964440,0,16.28559,8.00E-05,544.6,44.948,1.34,TRUE,256.5766701,598.2301963,2,2.370700142,ok,TRUE,,1.71,5372,G,0.388318863,4.352627301,plausible,TRUE,CONFIRMED
KIC 9941662,0,1.77656,0,3880.2,4.903,3.66,TRUE,4306.543828,3887.765331,5,0.917472463,ok,TRUE,,3.031,9107,A,1.837270528,20.59378162,plausible,TRUE,CONFIRMED
KIC 5282049,0,5.91011,0,15141.7,19.149,2.98,TRUE,13688.78849,16662.68491,15,2.36162962,ok,TRUE,,0.958,6200,F,1.147136231,12.8581353,plausible,TRUE,FALSE POSITIVE
KIC 11517719,0,2.49611,0,23444.7,8.986,3.3,TRUE,22112.39653,21690.01486,13,0.342746139,ok,TRUE,,0.992,6039,F,1.478073285,16.56757565,plausible,TRUE,CONFIRMED
KIC 10854768,0,10.11051,3.00E-05,314.5,48.53,1.71,TRUE,319.4250439,337.1752519,3,0.352103994,ok,TRUE,,1.792,6306,F,0.309244493,3.466290597,plausible,TRUE,CONFIRMED
KIC 4677282,0,11.62276,1.00E-05,660.4,55.789,2.59,TRUE,449.4816567,808.3953145,2,5.287164073,ok,FALSE,,4.315,6622,F,1.079061856,12.09509644,plausible,TRUE,FALSE POSITIVE
KIC 8323753,0,0.60574,1.00E-05,120.1,0.727,0.81,TRUE,109.3925985,125.0473041,16,0.220739693,ok,TRUE,,2.623,6093,F,0.279751644,3.1357082,plausible,TRUE,FALSE POSITIVE
KIC 5802246,0,0.52503,0,264.2,0.819,0.58,TRUE,210.6535876,295.5650266,63,0.971753693,ok,TRUE,,0.846,5582,G,0.133801106,1.499763213,plausible,TRUE,FALSE POSITIVE
KIC 11129738,0,14.68306,1.00E-05,1401.7,70.479,1.2,TRUE,1152.090106,1627.384279,2,1.500534906,ok,TRUE,,0.517,3883,K,0.188354028,2.11124146,plausible,TRUE,CONFIRMED
KIC 6863839,0,0.40237,0,51.3,1.787,0.17,TRUE,1.415994276,50.22429108,83,1.818727488,ok,TRUE,,0.899,6063,F,0.06263307,0.702047814,plausible,TRUE,FALSE POSITIVE
KIC 8488878,0,5.80126,0,52100,16.011,6.88,TRUE,52342.55837,51435.06658,15,0.235933136,ok,TRUE,,0.874,5845,G,1.941297573,21.75981036,plausible,TRUE,FALSE POSITIVE
KIC 6705137,0,11.21787,2.00E-05,959.4,53.846,1.67,TRUE,684.2133089,917.354135,2,2.586076899,ok,TRUE,,0.876,5796,G,0.264042419,2.959625065,plausible,TRUE,FALSE POSITIVE
KIC 7287415,0,3.01282,1.00E-05,245,7.231,0.85,TRUE,309.2171409,213.473267,11,0.927707667,ok,TRUE,,1.4,5611,G,0.21325531,2.390357443,plausible,TRUE,CONFIRMED
KIC 5436502,0,12.75375,2.00E-05,1529.1,61.218,1.92,TRUE,3038.447271,857.9766752,2,10.73146724,ok,FALSE,,1.384,5739,G,0.526644024,5.903100195,plausible,TRUE,CONFIRMED
KIC 3838486,0,2.98478,1.00E-05,508.2,14.327,0.6,TRUE,528.6640726,501.456927,11,0.131249666,ok,TRUE,,0.731,4667,K,0.160356223,1.79741687,plausible,TRUE,FALSE POSITIVE
KIC 6350476,0,0.40898,0,93.5,0.491,0.36,TRUE,36.12247021,102.5067783,81,1.340929897,ok,TRUE,,0.867,5227,G,0.081568181,0.914289582,plausible,TRUE,FALSE POSITIVE
KIC 9159242,0,12.90049,4.00E-05,419.4,61.922,0.85,TRUE,-336.8389033,782.8199391,2,5.778364411,ok,FALSE,,0.98,5575,G,0.195296497,2.189058909,plausible,TRUE,FALSE POSITIVE
KIC 7377033,0,3.91225,0,22101.4,18.779,1.65,TRUE,17953.36258,15556.09151,8,1.211587352,ok,TRUE,,0.603,5209,G,0.872347071,9.778051079,plausible,TRUE,FALSE POSITIVE
KIC 9159275,0,3.04568,0,2415.2,14.619,2.52,TRUE,2454.298887,2295.966739,10,0.777314079,ok,TRUE,,0.753,5525,G,0.360105031,4.036381281,plausible,TRUE,FALSE POSITIVE
KIC 5370302,0,3.90536,0,13923,12.653,5.04,TRUE,14529.75142,13949.96387,8,0.529047412,ok,TRUE,,0.898,5810,G,1.031109358,11.55760168,plausible,TRUE,FALSE POSITIVE
KIC 5077629,0,7.92747,0,14377.6,16.172,5.66,TRUE,14125.23115,14290.86958,4,0.10151108,ok,TRUE,,0.776,5690,G,0.905456237,10.14916842,plausible,TRUE,FALSE POSITIVE
KIC 11913013,0,3.74762,1.00E-05,5709.1,10.343,1.28,TRUE,6390.144096,5827.565525,23,0.514224398,ok,TRUE,,1,5780,G,0.735267308,8.241537731,plausible,TRUE,FALSE POSITIVE
KIC 4061149,0,12.53533,1.00E-05,1208.1,60.17,1.27,TRUE,1373.964292,1116.227219,2,1.046488623,ok,TRUE,,0.424,3683,M,0.14341166,1.607486957,plausible,TRUE,CONFIRMED
KIC 6272413,0,0.56035,2.00E-05,136.8,2.69,0.21,TRUE,72.19374959,122.5836684,59,0.812167491,ok,TRUE,,0.847,5093,K,0.096402909,1.080570567,plausible,TRUE,CONFIRMED
KIC 11673674,0,4.6231,0,3235.3,22.191,3.34,TRUE,2971.557994,3367.861335,7,1.53083683,ok,TRUE,,1.033,6013,F,0.571763313,6.4088378,plausible,TRUE,FALSE POSITIVE
KIC 8395660,0,4.70246,2.00E-05,258,12.979,2.12,TRUE,139.7800824,354.4971741,2,3.471973037,ok,FALSE,,1.012,5854,G,0.158165128,1.772857105,plausible,TRUE,CONFIRMED
KIC 6587280,0,14.21338,1.00E-05,3846.1,68.224,1.4,TRUE,609.6218864,5815.172591,2,13.22879633,ok,FALSE,,0.826,5237,G,0.49848801,5.587502255,plausible,TRUE,CONFIRMED
KIC 6851425,0,11.11048,1.00E-05,603.1,35.998,2.35,TRUE,423.2419154,661.139273,3,2.147041146,ok,TRUE,,0.766,5078,K,0.183063582,2.051941381,plausible,TRUE,CONFIRMED
KIC 3964562,0,2.98742,0,519,9.679,3.41,TRUE,353.4762749,533.0185258,3,0.751117294,ok,TRUE,,2.031,8601,A,0.450253222,5.046843342,plausible,TRUE,FALSE POSITIVE
KIC 7023960,0,14.21058,0,12830.1,51.158,7.6,FALSE,22501.66173,234.9339502,2,36.28127342,ok,FALSE,,0.993,6014,F,1.094524477,12.26841541,plausible,TRUE,FALSE POSITIVE
KIC 9164836,0,14.96725,0,4823.2,30.533,9.09,FALSE,7782.859977,148.4466201,2,13.61024325,ok,FALSE,,0.872,6003,F,0.589314633,6.605568784,plausible,TRUE,FALSE POSITIVE
KIC 3351888,0,1.62515,0,6964.6,3.315,3.75,TRUE,7447.152235,6775.007729,20,1.874169273,ok,TRUE,,1.106,5539,G,0.898181903,10.06763113,plausible,TRUE,CONFIRMED
KIC 11401182,0,0.92795,0,360,1.448,0.99,TRUE,200.184437,413.4665648,36,2.605842188,ok,TRUE,,0.699,4815,K,0.129063677,1.446661847,plausible,TRUE,CONFIRMED
KIC 9471974,0,16.2733,2.00E-05,878.7,72.253,4.15,TRUE,78.87697809,1494.528161,2,18.66995731,ok,FALSE,,2.057,5626,G,0.593364412,6.650962357,plausible,TRUE,CONFIRMED
KIC 7552344,0,1.00132,0,1492,1.202,2.31,TRUE,1461.697593,1633.281624,33,1.273881936,ok,TRUE,,0.79,5472,G,0.296940663,3.328378196,plausible,TRUE,FALSE POSITIVE
KIC 8190354,0,0.79148,1.00E-05,65.4,1.9,0.62,TRUE,66.58913849,55.37059144,12,0.28850496,ok,TRUE,,2.017,5622,G,0.158762204,1.779549672,plausible,TRUE,FALSE POSITIVE
KIC 6665223,0,0.45471,7.00E-05,96.3,1.637,0.21,TRUE,-17.21766699,85.57627821,73,2.086463618,ok,TRUE,,0.872,5316,G,0.083280459,0.933482341,plausible,TRUE,FALSE POSITIVE
KIC 8374494,0,5.25068,1.00E-05,3382.7,17.012,3.72,TRUE,3572.665617,3649.076045,17,0.190661381,ok,TRUE,,0.872,5542,G,0.49352846,5.531911159,plausible,TRUE,FALSE POSITIVE
KIC 12016267,0,3.36115,0.00014,89.2,16.134,0.84,TRUE,96.39094587,72.04858576,2,1.014465777,ok,TRUE,,1.655,6440,F,0.152120549,1.705104022,plausible,TRUE,FALSE POSITIVE
KIC 5213902,0,1.19391,0,178,1.862,0.72,TRUE,169.3909131,152.7425204,28,0.247036448,ok,TRUE,,0.97,6198,F,0.125928785,1.411523156,plausible,TRUE,FALSE POSITIVE
KIC 6613006,0,4.37486,0,5973.3,17.324,3.68,TRUE,9894.53088,1345.555879,2,7.933360832,ok,FALSE,,0.838,5845,G,0.630251793,7.064429324,plausible,TRUE,FALSE POSITIVE
KIC 9143254,0,1.13703,0,13135.5,1.774,3.65,TRUE,12608.09348,9435.8516,29,2.829790742,ok,TRUE,,0.937,5912,G,1.045019745,11.71352182,plausible,TRUE,FALSE POSITIVE
KIC 5446285,0,4.70234,0,689.7,12.978,3.89,TRUE,271.8883934,1065.943264,2,10.66971423,ok,FALSE,,0.932,5575,G,0.238176938,2.669701478,plausible,TRUE,CONFIRMED
KIC 2306756,0,3.0355,0.00014,101.9,14.57,0.83,TRUE,128.3123514,81.30766597,3,0.982530645,ok,TRUE,,1.58,5543,G,0.155206893,1.739698541,plausible,TRUE,FALSE POSITIVE
KIC 5376067,0,3.94655,0,1732.7,6.157,3.04,TRUE,1776.554651,1717.468853,8,0.137107343,ok,TRUE,,0.869,6046,F,0.352002133,3.945556713,plausible,TRUE,FALSE POSITIVE
KIC 4551328,0,0.5221,0,1198.2,0.627,1.66,TRUE,1356.714076,839.3977265,64,3.853634261,ok,FALSE,,0.878,5359,G,0.295747683,3.315006202,plausible,TRUE,FALSE POSITIVE
KIC 7211221,0,10.15114,1.00E-05,155.5,36.544,0.99,TRUE,106.9371967,198.135435,3,1.272205661,ok,TRUE,,0.96,5637,G,0.116493256,1.30576126,plausible,TRUE,CONFIRMED
KIC 10158990,0,1.6813,0,308.4,8.07,0.33,TRUE,84.74867425,167.2984574,19,0.555940574,ok,TRUE,,0.763,5222,G,0.130399335,1.461633106,plausible,TRUE,FALSE POSITIVE
