Target,Sector,Period (d),Period Err (d),Depth (ppm),Duration (hr),SNR,False Positive,depth_odd_ppm,depth_even_ppm,n_transits,odd_even_sigma,odd_even_reason,odd_even_pass,TIC_ID,Stellar_Radius_Rsun,Teff_K,Spectral_Type,Rp_Rjup,Rp_Rearth,radius_reason,planet_radius_plausible,match_source
L 98-59,2,3.68989,0.00055,685,1.3,13.43,FALSE,1227.087681,1367.776127,6,1.307202304,ok,TRUE,307210830,0.31416,3429,M,0.08001255,0.896852667,plausible,TRUE,confirmed
TOI-700,1,11.34365,0.28837,1283,0.5,5.1,TRUE,3275.255154,1012.759695,3,4.330612411,ok,FALSE,150428135,0.419457,3494,M,0.146205163,1.638799055,plausible,TRUE,confirmed
TOI-270,3,11.32061,0.12267,1531.5,1.3,10.14,FALSE,2976.994045,2304.645538,2,2.336045525,ok,TRUE,259377017,0.374358,3532,M,0.142563239,1.597977092,plausible,TRUE,confirmed
GJ 357,8,9.27961,0.18019,820.3,0.5,8.37,FALSE,1444.105532,1026.678471,2,2.424015036,ok,TRUE,413248763,0.360144,3490,M,0.10037475,1.125090531,plausible,TRUE,confirmed
TOI-125,1,9.19402,0.163,737.8,0.5,4.4,TRUE,938.750423,534.9321626,3,1.409259134,ok,TRUE,52368076,0.852266,5280,G,0.22527159,2.525046724,plausible,TRUE,confirmed
TOI-396,4,19.17518,0.53385,177.2,0.5,7.48,FALSE,341.3851114,137.0808577,2,2.861460331,ok,TRUE,178155732,1.2845,6308.31,F,0.166390261,1.865051796,plausible,TRUE,confirmed
TOI-561,8,13.94758,0.40304,589.3,0.5,4.11,TRUE,952.0464914,502.2251485,2,1.841272656,ok,TRUE,377064495,0.840576,5440,G,0.198567031,2.225717993,plausible,TRUE,confirmed
TOI-824,11,1.39212,0.0005,666.1,0.5,6.8,TRUE,1346.664534,1451.761102,16,0.629557684,ok,TRUE,193641523,0.729635,4488,K,0.183247185,2.053999368,plausible,TRUE,confirmed
TOI-1235,14,14.66522,0.37265,837.3,0.5,4.09,TRUE,1092.962019,773.1941004,2,0.799944922,ok,TRUE,103633434,0.629575,3912,K,0.177276005,1.987069009,plausible,TRUE,confirmed
TOI-1634,18,0.9905,0.00931,635.2,0.5,5.26,TRUE,1221.092269,1368.648778,20,0.726285133,ok,TRUE,201186294,0.465258,3455,M,0.11410667,1.279010248,plausible,TRUE,confirmed
TOI-1685,19,1.33944,0.01849,636.9,0.5,4.97,TRUE,834.0640986,1053.810231,18,0.977823295,ok,TRUE,28900620,4.88019,8196,A,1.198489658,13.43375072,plausible,TRUE,confirmed
TOI-2136,26,5.30953,0.14782,2185.2,0.5,4.52,TRUE,2606.83984,1811.543087,4,0.93617587,ok,TRUE,336128819,0.34388,3384,M,0.156427984,1.753385635,plausible,TRUE,confirmed
TOI-2285,16,3.02492,0.08638,859.5,0.5,3.75,TRUE,718.3461359,1261.489952,7,1.204088727,ok,TRUE,329148988,0.460014,3546,M,0.131236889,1.47102116,plausible,TRUE,confirmed
GJ 3473,7,2.39616,0.04552,838,0.5,5.13,TRUE,1188.370236,945.2939537,10,0.880798913,ok,TRUE,452866790,0.354529,3329,M,0.099870152,1.119434546,plausible,TRUE,confirmed
TOI-431,5,12.46242,0.1029,731.3,3.25,24.89,FALSE,1053.864531,681.8811026,2,6.198511496,ok,FALSE,31374837,0.726632,4891,K,0.191216006,2.143321086,plausible,TRUE,confirmed
TOI-500,6,12.30098,0.37241,816.2,0.5,6.14,TRUE,483.1618244,1149.520912,2,2.412455662,ok,TRUE,134200185,0.751825,4449,K,0.209014778,2.342825748,plausible,TRUE,confirmed
TOI-1075,13,0.60489,0.00225,459.2,0.9,6.19,TRUE,957.192865,757.8707336,33,1.404640209,ok,TRUE,351601843,0.580337,3921,K,0.121016095,1.35645731,plausible,TRUE,confirmed
TOI-1516,57,2.0559,0.00029,12866.9,2.45,209.13,TRUE,14622.25553,13074.0917,12,17.65957311,ok,FALSE,376637093,1.2421,6485,F,1.371056841,15.36803903,plausible,TRUE,confirmed
GJ 9827,42,1.20859,0.0004,286.5,0.9,8.28,FALSE,166.7030047,160.7324664,14,0.100466425,ok,TRUE,301289516,0.634163,4199,K,0.104454017,1.170814637,plausible,TRUE,confirmed
HD 63433,20,11.01092,0.30757,196.4,0.5,8.09,TRUE,60.02066594,348.1666368,3,3.492517112,ok,FALSE,130181866,0.902932,5694.11,G,0.12313676,1.380227629,plausible,TRUE,confirmed
TOI-1130,27,8.34814,0.10744,3683.9,1.7,12.91,FALSE,6987.086336,8324.589409,3,7.412879317,ok,FALSE,254113311,0.741921,4236,K,0.438201153,4.911752902,plausible,TRUE,confirmed
TOI-1233,10,13.67707,0.32988,465.8,0.5,5.03,TRUE,1034.956822,315.355422,2,4.338826961,ok,FALSE,260647166,0.864173,5723.87,G,0.181494041,2.034348558,plausible,TRUE,confirmed
HD 110067,23,10.40866,0.24946,350.1,0.9,7.16,FALSE,15.39917824,672.989038,2,7.248257294,ok,FALSE,347332255,0.782479,5297,G,0.142472381,1.59695867,plausible,TRUE,confirmed
TOI-421,5,8.03348,0.14702,702,2.45,14.27,TRUE,-137.4079917,1437.410761,3,15.3939133,ok,FALSE,94986319,0.860124,5320,G,0.221764261,2.485733425,plausible,TRUE,confirmed
TOI-402,3,6.19772,0.15432,271.7,0.5,4.84,TRUE,396.2422293,237.3790117,4,1.421029079,ok,TRUE,120896927,0.841842,5175.2,K,0.1350322,1.513562428,plausible,TRUE,confirmed
TOI-519,7,1.26514,0.00012,65569.7,0.9,43.52,TRUE,87035.49324,79457.66372,18,2.749255603,ok,TRUE,218795833,0.355309,3324,M,0.885359685,9.923908168,plausible,TRUE,confirmed
TOI-544,6,1.54742,0.008,335.2,0.9,7.45,FALSE,776.8251133,782.5827883,13,0.063166207,ok,TRUE,50618703,0.663414,4220,K,0.118194855,1.324834312,plausible,TRUE,confirmed
TOI-674,9,1.97712,0.00025,7495.5,0.9,39.5,FALSE,9154.880329,8501.270562,12,1.876269955,ok,TRUE,158588995,0.421944,3411,M,0.355481542,3.984557057,plausible,TRUE,confirmed
TOI-628,87,3.4088,0.00119,3114.2,3.25,82.35,TRUE,1191.929855,1530.357451,6,6.57654726,ok,FALSE,281408474,1.38398,6174,F,0.751562323,8.424186917,plausible,TRUE,confirmed
TOI-763,10,13.83319,0.37656,627.4,0.5,4.34,TRUE,940.1698688,608.2398413,2,1.099068862,ok,TRUE,178819686,0.906761,5521,G,0.221017685,2.477365128,plausible,TRUE,confirmed
TOI-1064,13,10.75523,0.32064,706.8,0.5,4.37,TRUE,1048.378396,701.4755764,3,1.007058974,ok,TRUE,79748331,0.737189,4656,K,0.190716844,2.137726037,plausible,TRUE,confirmed
TOI-1431,15,2.64994,0.00055,747.3,2.45,27.7,FALSE,5305.870369,5456.179305,10,4.070536734,ok,FALSE,375506058,1.93656,7575,A,0.515157923,5.774353647,plausible,TRUE,confirmed
TOI-1518,57,1.90268,0.0002,1743.4,2.05,29.65,FALSE,3505.640098,3843.487859,13,9.546072175,ok,FALSE,427761355,1.82241,9918,A,0.740468429,8.299836569,plausible,TRUE,confirmed
TOI-1670,15,7.18424,0.21316,445.7,0.5,4.61,TRUE,446.4519554,471.5418475,4,0.12176941,ok,TRUE,441739020,1.31225,6345,F,0.269587551,3.021779904,plausible,TRUE,confirmed
TOI-1452,14,9.79384,0.23964,4576.7,0.5,4.63,TRUE,6005.615758,4558.492901,3,1.049502598,ok,TRUE,420112589,0.275364,3248,M,0.181278091,2.031927999,plausible,TRUE,confirmed
TOI-1266,14,12.69829,0.31699,1764.9,0.5,5.04,TRUE,3429.646776,1163.961959,2,3.215277269,ok,FALSE,467179528,0.435666,3618,M,0.178104813,1.996359037,plausible,TRUE,confirmed
TOI-132,1,6.70959,0.18529,888.7,0.5,4.27,TRUE,595.5716127,901.846788,4,0.889594087,ok,TRUE,89020549,0.940806,5304,G,0.272922665,3.059162865,plausible,TRUE,confirmed
TOI-892,33,10.62617,0.01625,1884.9,5.2,19.2,FALSE,2476.766812,2257.302968,2,1.199799151,ok,TRUE,66561343,1.355,7723,A,0.572460319,6.416650466,plausible,TRUE,confirmed
LHS 1478,18,1.94956,0.00045,1469.8,0.5,9.06,FALSE,1696.744623,2261.52058,11,1.720291225,ok,TRUE,396562848,0.260187,3414,M,0.097068127,1.088026931,plausible,TRUE,confirmed
TIC 293694800,61,3.31785,0.06627,380.4,5.4,6.98,TRUE,400.2954537,309.7272807,7,1.038165997,ok,TRUE,293694800,19.5499,4459.3,K,3.71045125,41.59007701,too_large,FALSE,none
TIC 156919710,6,6.52283,0.14106,1230.7,2.95,6.76,TRUE,1119.478357,1276.978194,3,0.366310074,ok,TRUE,156919710,8.95381,4719,K,3.056651389,34.26169975,too_large,FALSE,none
TIC 232050760,7,18.93983,0.46561,1575.2,1.1,6.18,TRUE,1334.300634,1748.419406,2,0.79125946,ok,TRUE,232050760,1.72709,6840,F,0.667029063,7.476662061,plausible,TRUE,none
TIC 157077690,6,2.17228,0.04949,1119.3,6,15.63,FALSE,1393.293639,844.2137099,10,2.462297264,ok,TRUE,157077690,18.4265,4390,K,5.998988631,67.24206367,too_large,FALSE,none
TIC 293647739,33,0.66591,6.00E-05,2552.5,0.5,31.25,FALSE,2731.871933,2539.200067,37,0.745265773,ok,TRUE,293647739,1.41456,7886,A,0.695450437,7.795234399,plausible,TRUE,none
TIC 737891674,33,0.60534,8.00E-05,290813.8,1.7,21.31,TRUE,265172.8326,321276.5,40,2.192367771,ok,TRUE,737891674,1.08876,5922,G,5.713491664,64.04195671,too_large,FALSE,none
TIC 156836939,6,10.79439,0.19659,1456.4,6,8.68,FALSE,1456.27031,1456.582771,2,0.000825897,ok,TRUE,156836939,9.60225,4797,K,3.565950247,39.97037973,too_large,FALSE,none
TIC 232049607,61,11.95313,0.30917,10349,1.1,121.93,FALSE,155.8770166,2596.543267,3,20.49309829,ok,FALSE,232049607,92.6238,3681,M,91.6924809,1027.771849,too_large_mdwarf,FALSE,none
TIC 293693365,61,3.08347,0.0902,389.7,1.1,5.2,TRUE,490.8173541,314.2974153,5,0.905646669,ok,TRUE,293693365,3.90605,5051,K,0.750351814,8.410618446,plausible,TRUE,none
TIC 293647910,6,3.21778,0.06525,482.5,6,10.8,FALSE,517.4437679,413.945201,7,1.033283409,ok,TRUE,293647910,2.4344,6749,F,0.520358357,5.832644787,plausible,TRUE,none
TIC 157036437,6,4.79525,0.10531,1232.3,5.4,8.32,FALSE,1496.194322,1031.533673,3,1.31571123,ok,TRUE,157036437,9.25434,4734,K,3.16129927,35.43468738,too_large,FALSE,none
TIC 170104965,6,2.43563,0.06379,1074.3,6,20.58,FALSE,838.0650468,1192.546148,9,1.751901245,ok,TRUE,170104965,18.1996,4154,K,5.804790715,65.06531864,too_large,FALSE,none
TIC 157014929,6,4.39496,0.05389,780.6,6,11.18,FALSE,742.5479303,767.7087324,4,0.171974713,ok,TRUE,157014929,2.45113,7335,F,0.66641161,7.469741093,plausible,TRUE,none
TIC 293775731,61,1.36642,0.02238,376.1,1.7,5.42,TRUE,448.1360125,362.549451,19,0.857122777,ok,TRUE,293775731,5.07263,4858,K,0.957297199,10.73024857,plausible,TRUE,none
TIC 156886258,6,1.92736,0.01886,472.4,6,6.05,TRUE,595.2388697,341.2721285,10,1.514421402,ok,TRUE,156886258,2.29591,5717,G,0.485592242,5.442954881,plausible,TRUE,none
TIC 232041166,61,10.69695,0.18872,1134.1,5.4,33.16,FALSE,1255.13552,805.4899365,2,7.192315571,ok,FALSE,232041166,17.6039,4397,K,5.768946396,64.66354326,too_large,FALSE,none
TIC 156920701,33,19.59031,0.42888,2603,4.15,28.21,FALSE,3662.037012,2363.407754,2,4.231703716,ok,FALSE,156920701,1.69204,7127,F,0.840058722,9.416134207,plausible,TRUE,none
TIC 156885811,33,17.35709,0.4524,1798.4,0.5,5.66,TRUE,789.0060485,108361.9377,2,173.9272342,ok,FALSE,156885811,1.91322,6525,F,0.789532469,8.849790489,plausible,TRUE,none
TIC 156836701,33,1.16364,0.00051,5273.2,0.5,62.97,FALSE,5844.79694,4738.941443,20,2.022100825,ok,TRUE,156836701,2.09545,7712,A,1.480731651,16.59737301,plausible,TRUE,none
TIC 157014187,34,5.98033,0.11555,523.7,2.35,5.02,TRUE,434.6774079,590.735487,4,0.772182106,ok,TRUE,157014187,1.27113,6720,F,0.283069574,3.172898547,plausible,TRUE,none
TIC 157080977,61,18.26565,0.47632,3696.3,1.7,11.06,FALSE,-95.30626719,17368.13264,2,30.06003328,ok,FALSE,157080977,30.1941,4081,K,17.86354428,200.2306814,too_large,FALSE,none
TIC 157115604,6,6.15414,0.12517,684.1,6,7.35,FALSE,808.289197,616.9193897,3,0.886360592,ok,TRUE,157115604,1.59995,6553,F,0.407219102,4.564478188,plausible,TRUE,none
TIC 157012785,6,2.40403,0.05465,725.5,1.1,4.59,TRUE,701.1172754,728.4025158,9,0.091255202,ok,TRUE,157012785,0.808849,5892,G,0.212005973,2.376353751,plausible,TRUE,none
TIC 157116029,6,7.5341,0.19525,715.7,0.5,5.12,TRUE,682.3623046,746.4498564,3,0.216822187,ok,TRUE,157116029,1.18719,5317,G,0.309063468,3.46426151,plausible,TRUE,none
TIC 293647394,6,4.48187,0.11562,1751.6,0.5,5.1,TRUE,1181.143533,1918.156535,5,1.197462641,ok,TRUE,293647394,0.989129,5946,G,0.40283977,4.515390692,plausible,TRUE,none
TIC 232045323,6,0.60534,0.00598,639.8,2.95,73.03,TRUE,657.4598508,643.2364856,35,0.437664607,ok,TRUE,232045323,1.61814,7488,F,0.398290683,4.464400434,plausible,TRUE,none
TIC 157082285,6,10.77859,0.269,823.6,0.5,4.72,TRUE,872.2744368,775.34913,2,0.277305323,ok,TRUE,157082285,0.876223,5480,G,0.244700442,2.742822781,plausible,TRUE,none
TIC 232044232,6,2.5673,0.0661,1401.7,0.5,4.82,TRUE,1286.42588,1487.827042,7,0.332916394,ok,TRUE,232044232,3.0476,6725,F,1.110318145,12.44544505,plausible,TRUE,none
TIC 157014446,6,8.27148,0.19806,832.9,2.35,5.11,TRUE,821.8870398,843.3040268,2,0.067732514,ok,TRUE,157014446,1.63784,5695,G,0.459970352,5.155761684,plausible,TRUE,none
TIC 157082527,6,2.89123,0.0426,247.1,4.8,5.22,TRUE,250.4348186,244.1227541,8,0.067487339,ok,TRUE,157082527,2.01474,6149,F,0.30818913,3.454461141,plausible,TRUE,none
TIC 393270072,6,12.16908,0.37748,680.6,4.15,5.16,TRUE,806.6922045,567.0566481,2,0.950738344,ok,TRUE,393270072,1.67159,6894,F,0.424363158,4.756644198,plausible,TRUE,none
TIC 156833284,6,2.37242,0.02204,297.9,4.15,5.66,TRUE,286.9959678,293.9880966,8,0.067141037,ok,TRUE,156833284,1.73112,7069,F,0.290753105,3.259022476,plausible,TRUE,none
TIC 157040369,61,19.18738,0.52502,2371.4,0.5,4.92,TRUE,1712.467815,2273.814956,2,0.948550072,ok,TRUE,157040369,30.8046,4059,K,14.59754817,163.6224577,too_large,FALSE,none
TIC 156833375,6,12.33499,0.29758,641.1,3.55,5.71,TRUE,686.6138717,588.3401906,2,0.413976072,ok,TRUE,156833375,1.58572,6373,F,0.390707122,4.379397059,plausible,TRUE,none
TIC 170104326,6,3.23622,0.06311,226.9,4.8,5.67,TRUE,217.9623526,239.2597882,5,0.264984495,ok,TRUE,170104326,1.23495,6145,F,0.181020833,2.02904441,plausible,TRUE,none
TIC 293694290,6,6.53864,0.15337,305.2,1.1,6.5,TRUE,464.2831091,231.7807597,3,2.207190443,ok,TRUE,293694290,1.74362,6382,F,0.296419003,3.322530962,plausible,TRUE,none
TIC 293648819,6,2.96233,0.05786,721.4,4.8,6.32,TRUE,850.2303194,629.5143619,7,0.925403307,ok,TRUE,293648819,4.34049,4961,K,1.134458895,12.7160363,plausible,TRUE,none
TIC 293694446,6,5.0033,0.15456,874.9,1.7,4.97,TRUE,831.1942723,918.5223725,4,0.255669401,ok,TRUE,293694446,7.06637,4973,K,2.033937097,22.79819752,plausible,TRUE,none
TIC 156988762,6,8.58487,0.13587,1085.9,6,8.2,FALSE,1225.561489,932.8468824,3,0.980155524,ok,TRUE,156988762,9.19298,4714,K,2.947902853,33.04274829,too_large,FALSE,none
TIC 157077420,6,3.23095,0.08803,456.2,1.1,5.14,TRUE,654.7522125,601.2979232,5,0.212881286,ok,TRUE,157077420,1.49764,6377,F,0.311276982,3.489072563,plausible,TRUE,none
TIC 156883704,6,12.36396,0.3049,2010.1,4.8,11.19,FALSE,1878.69806,2141.473823,2,0.605937338,ok,TRUE,156883704,11.3147,4574,K,4.93643941,55.3320557,too_large,FALSE,none
TIC 156836673,61,5.35356,0.12347,1148.3,0.5,5.59,TRUE,1086.5998,1525.536499,5,1.658444331,ok,TRUE,156836673,3.59784,5176,K,1.18640089,13.29824894,plausible,TRUE,none
TIC 156886707,6,3.09927,0.04519,1837.7,6,17.78,FALSE,1330.46968,1901.75722,6,1.715007206,ok,TRUE,156886707,19.054,4481,K,7.948504127,89.09398791,too_large,FALSE,none
TIC 156993111,6,2.17228,0.04334,574.9,2.95,5.53,TRUE,623.7673453,524.5910424,10,0.485683779,ok,TRUE,156993111,2.67162,6357,F,0.623351166,6.987080879,plausible,TRUE,none
TIC 232037789,6,8.37683,0.17133,729.9,6,6.33,TRUE,1040.311783,585.2950916,3,1.869660223,ok,TRUE,232037789,1.16465,5857,G,0.306188622,3.432037646,plausible,TRUE,none
TIC 170101711,6,3.39159,0.07381,492.8,5.4,6.97,TRUE,511.1681987,459.6206357,7,0.331688461,ok,TRUE,170101711,7.67766,4704,K,1.658540805,18.59041803,plausible,TRUE,none
TIC 157036160,61,12.86696,0.35933,4178.8,1.1,47.35,FALSE,1067.889032,1732.354946,2,5.492428295,ok,FALSE,157036160,70.1548,3515,M,44.13113726,494.6615045,too_large_mdwarf,FALSE,none
TIC 293775337,6,0.86342,0.0163,269.8,2.95,4.76,TRUE,318.5174405,226.9109909,24,0.868133491,ok,TRUE,293775337,1.7873,6885,F,0.285680346,3.202162433,plausible,TRUE,none
TIC 232048223,6,3.12297,0.05783,901.9,3.55,7.86,FALSE,960.0474192,873.2139711,6,0.345755001,ok,TRUE,232048223,3.55322,5202,G,1.038396527,11.63928283,plausible,TRUE,none
TIC 156992566,61,20.57787,0.38909,830.8,6,12.65,FALSE,1144.56455,1052.656105,2,0.864063665,ok,TRUE,156992566,17.9622,4448.2,K,5.038133917,56.47193927,too_large,FALSE,none
TIC 156833636,6,4.66358,0.13287,929.7,1.1,4.81,TRUE,874.5347518,970.7314817,5,0.265633538,ok,TRUE,156833636,2.4803,7035,F,0.735931791,8.248985855,plausible,TRUE,none
TIC 156836738,6,8.30309,0.20308,779.9,2.95,29.53,FALSE,1044.263569,483.8725188,2,7.99837482,ok,FALSE,156836738,11.4879,4702,K,3.121921957,34.99331102,too_large,FALSE,none
TIC 293694318,6,9.43813,0.21398,2174.2,0.5,5.11,TRUE,2905.58746,1811.623876,3,1.245859662,ok,TRUE,293694318,1.21738,5839,G,0.55237987,6.191570729,plausible,TRUE,none
TIC 156937107,6,3.03607,0.05932,495.1,2.35,5.49,TRUE,648.4506153,378.5782144,7,1.414928132,ok,TRUE,156937107,1.8486,6621,F,0.400268439,4.486568905,plausible,TRUE,none
TIC 232044850,6,8.12664,0.23784,1316.4,0.5,4.52,TRUE,1478.101715,1236.10225,3,0.406162651,ok,TRUE,232044850,0.797079,5612,G,0.281421478,3.154425205,plausible,TRUE,none
TIC 156883986,6,5.83549,0.09159,1828.5,6,10.89,FALSE,1294.319747,2012.652014,3,1.802816866,ok,TRUE,156883986,2.04461,6077,F,0.850785145,9.536365613,plausible,TRUE,none
TIC 293647584,6,4.39233,0.08724,1230.5,1.1,5.16,TRUE,1438.11479,1491.709365,5,0.091893793,ok,TRUE,293647584,1.16419,5888,G,0.397398853,4.454404001,plausible,TRUE,none
TIC 293775886,6,8.94303,0.24863,1421.7,1.1,5.17,TRUE,1533.615147,1365.275014,3,0.313805424,ok,TRUE,293775886,2.80573,5931,G,1.029465491,11.53917574,plausible,TRUE,none
TIC 156936926,6,4.26855,0.08209,106.6,4.8,10.17,FALSE,87.07545324,88.23938167,6,0.044159186,ok,TRUE,156936926,3.64329,10657,B,0.366044832,4.102959917,plausible,TRUE,none
TIC 232030174,61,23.75388,0.48989,2028.6,2.35,14.14,FALSE,3404.518157,1159.251805,2,10.90437965,ok,FALSE,232030174,11.4334,4797.3,K,5.011128549,56.1692388,too_large,FALSE,none
TIC 232044427,6,5.98823,0.07754,1069.8,6,7.68,FALSE,1276.196107,809.5989523,4,1.600188196,ok,TRUE,232044427,5.85286,4914,K,1.862864936,20.88066678,plausible,TRUE,none
TIC 293690732,61,9.29855,0.26644,771.4,1.7,8.32,FALSE,620.2331443,902.2084779,3,1.810397378,ok,TRUE,293690732,9.65089,4972.4,K,2.608369531,29.23695323,too_large,FALSE,none
TIC 157040169,61,0.5632,0.00569,361,6,11.38,TRUE,337.8301686,326.7573786,45,0.270609742,ok,TRUE,157040169,10.9715,4707,K,2.028530509,22.73759563,plausible,TRUE,none
TIC 232045187,61,18.14714,0.39031,569.3,4.15,13.57,FALSE,325.6494993,513.3547448,2,2.376966928,ok,TRUE,232045187,70.039,3892,K,16.26194411,182.2785053,too_large,FALSE,none
TIC 156920180,61,6.97843,0.12217,755.1,4.15,45.11,FALSE,653.4809121,846.0195365,4,3.546523929,ok,FALSE,156920180,11.9393,4729,K,3.192589166,35.7854127,too_large,FALSE,none
TIC 232052469,6,3.71815,0.09072,1676.1,0.5,5.01,TRUE,1849.14061,1503.867093,6,0.532290182,ok,TRUE,232052469,0.769027,4434.3,K,0.306375114,3.43412802,plausible,TRUE,none
TIC 293694416,6,2.21178,0.02755,404.5,5.4,5.42,TRUE,429.1717578,383.8253031,9,0.305450369,ok,TRUE,293694416,1.47471,5895,G,0.288620931,3.235123157,plausible,TRUE,none
TIC 293689306,6,4.78735,0.14035,862.1,6,12.6,FALSE,728.3498917,840.4534593,4,0.613446997,ok,TRUE,293689306,1.04454,6077,F,0.298446049,3.345251918,plausible,TRUE,none
TIC 156916970,6,4.12898,0.0657,440.1,2.35,4.73,TRUE,407.3653518,458.5341685,5,0.286263906,ok,TRUE,156916970,1.09725,5996,G,0.22399752,2.510765798,plausible,TRUE,none
TIC 156936660,61,5.53527,0.1797,872.1,1.1,4.77,TRUE,624.758582,696.5780552,4,0.289660023,ok,TRUE,156936660,25.8114,4447,K,7.417484371,83.14184057,too_large,FALSE,none
TIC 293693666,61,5.50893,0.09593,598.2,3.55,17.72,FALSE,421.0325894,716.5396278,4,5.120959909,ok,FALSE,293693666,10.927,4773.2,K,2.600675001,29.15070601,too_large,FALSE,none
TIC 293648293,6,2.78852,0.05156,927,1.1,4.79,TRUE,1080.187286,919.5761277,7,0.442382743,ok,TRUE,293648293,0.68828,4978,K,0.203923348,2.285756415,plausible,TRUE,none
TIC 156937084,61,14.82629,0.3924,1689.7,0.5,5.04,TRUE,1746.09271,1454.54601,2,0.555594401,ok,TRUE,156937084,0.995061,5415,G,0.398030583,4.461485,plausible,TRUE,none
TIC 156937465,61,8.63228,0.24225,606.1,1.1,6.46,TRUE,781.2882758,527.2620054,3,1.26375819,ok,TRUE,156937465,5.28801,4936.3,K,1.266853353,14.20003255,plausible,TRUE,none
TIC 293648174,61,1.27689,0.01719,126,5.4,8.59,TRUE,110.5929746,165.1481553,20,2.106190776,ok,TRUE,293648174,25.8433,4449,K,2.822897942,31.64158075,too_large,FALSE,none
TIC 232049274,61,0.74492,0.01111,239.4,4.15,18.62,TRUE,281.7356847,257.1464877,34,1.141799567,ok,TRUE,232049274,12.0559,4487,K,1.8151965,20.34635605,plausible,TRUE,none
TIC 232041424,6,4.86372,0.09449,426.5,6,6.31,TRUE,468.7510759,354.4506658,5,0.917441293,ok,TRUE,232041424,1.48886,6638,F,0.299209457,3.353808879,plausible,TRUE,none
TIC 293690239,6,1.07674,0.00918,3397.4,6,6.46,TRUE,3050.673882,3614.522704,19,0.577407229,ok,TRUE,293690239,10.442,4921,K,5.922689507,66.38683441,too_large,FALSE,none
TIC 232055807,6,2.99393,0.05707,2070.6,5.4,12.89,FALSE,2469.048898,1306.455163,7,2.864898664,ok,TRUE,232055807,7.60444,4760,K,3.367264859,37.74333507,too_large,FALSE,none
TIC 232037350,6,1.28215,0.03889,944.7,0.5,4.79,TRUE,964.3659764,927.322168,15,0.100852185,ok,TRUE,232037350,1.38087,6369,F,0.413011066,4.629399734,plausible,TRUE,none
TIC 232051190,6,2.0169,0.00182,1708.1,1.7,12.18,FALSE,1850.481742,1500.021735,10,1.225363534,ok,TRUE,232051190,0.958934,6076,F,0.3856624,4.322851271,plausible,TRUE,none
TIC 170156636,6,7.82379,0.17163,2298.9,0.5,5.21,TRUE,2992.487168,1567.165865,3,1.472419724,ok,TRUE,170156636,6.26183,4991,K,2.921616769,32.74811021,too_large,FALSE,none
TIC 156921292,61,16.28789,0.43069,1051.2,4.15,9.45,FALSE,1467.703789,3974.216673,2,12.95264291,ok,FALSE,156921292,8.90645,5043.3,K,2.810018931,31.4972212,too_large,FALSE,none
TIC 156920881,6,2.89913,0.05971,487.8,6,5.35,TRUE,342.5140103,601.4607693,7,1.51786315,ok,TRUE,156920881,1.53073,6460,F,0.328989038,3.687605227,plausible,TRUE,none
TIC 293690240,6,1.94053,0.02407,3126.1,1.1,42.86,FALSE,2557.366897,3077.660241,11,0.593005384,ok,TRUE,293690240,1.80064,7303,F,0.97969358,10.98128737,plausible,TRUE,none
TIC 156934304,6,0.69225,0.00051,3139.9,3.55,61.4,TRUE,3059.186526,3228.183737,29,0.351023069,ok,TRUE,156934304,1.63273,6326,F,0.890295579,9.97923411,plausible,TRUE,none
TIC 156836756,6,3.0624,0.07548,638.4,1.7,5.43,TRUE,483.9696407,730.0002603,7,1.042743786,ok,TRUE,156836756,2.22719,5286.2,G,0.547602778,6.138024779,plausible,TRUE,none
TIC 156937444,61,3.56014,0.06893,609.5,4.15,24.73,FALSE,365.4838317,567.8973006,7,4.331030059,ok,FALSE,156937444,13.0077,4502.4,K,3.124994826,35.02775451,too_large,FALSE,none
TIC 156986533,6,4.36336,0.08977,302.6,6,6.99,TRUE,228.3615677,298.3774249,5,0.829123705,ok,TRUE,156986533,1.69865,6612,F,0.287541346,3.223022189,plausible,TRUE,none
TIC 156934111,6,12.73002,0.34897,2027.8,0.5,5.01,TRUE,1926.39104,2130.279238,2,0.269253264,ok,TRUE,156934111,1.2617,6303,F,0.552879641,6.197172608,plausible,TRUE,none
TIC 157115540,33,1.18735,0.02531,523.9,0.5,4.78,TRUE,601.7062932,448.5018315,21,0.723632316,ok,TRUE,157115540,2.36035,6378,F,0.525729735,5.892852025,plausible,TRUE,none
TIC 293689481,6,9.32489,0.20549,1801,3.55,7.48,FALSE,1459.860325,2188.788384,2,1.299271953,ok,TRUE,293689481,7.71928,4629,K,3.187833177,35.7321033,too_large,FALSE,none
TIC 232044020,6,9.554,0.22247,1207.3,6,8.4,FALSE,2061.882141,969.9119073,3,2.946498161,ok,TRUE,232044020,9.88039,4843,K,3.340747279,37.44610217,too_large,FALSE,none
TIC 293651651,6,10.06227,0.27234,736,0.5,5.15,TRUE,798.2961983,704.3861541,2,0.325658371,ok,TRUE,293651651,1.63767,6315,F,0.43234181,4.846076111,plausible,TRUE,none
TIC 157040172,61,1.75092,0.04904,287.6,1.1,7.95,FALSE,443.1688515,569.7274297,14,2.535030442,ok,TRUE,157040172,10.1086,5122,K,1.668197201,18.6986556,plausible,TRUE,none
TIC 293690882,61,23.87766,0.52793,1391,0.5,6.91,TRUE,783.8694794,475.2917591,2,1.09212551,ok,TRUE,293690882,39.8514,4129,K,14.46335625,162.1183139,too_large,FALSE,none
TIC 232051383,61,14.21268,0.41313,701.5,4.8,8.17,FALSE,720.919836,374.4653657,2,2.639191576,ok,TRUE,232051383,17.839,4541.6,K,4.5977598,51.53582982,too_large,FALSE,none
TIC 156992068,6,17.08584,0.37649,1559.9,6,11.69,FALSE,1005.441851,1939.980116,2,3.32390413,ok,FALSE,156992068,12.023,4757,K,4.620863734,51.79479951,too_large,FALSE,none
TIC 170104746,6,10.58634,0.26587,2622.2,6,11.18,FALSE,1726.128753,2902.116385,3,2.160722847,ok,TRUE,170104746,1.56422,6082,F,0.779457924,8.736865925,plausible,TRUE,none
TIC 232050815,7,1.4902,0.02015,715,1.1,5.25,TRUE,680.2379476,857.6980106,15,0.656334237,ok,TRUE,232050815,1.41169,9734,A,0.36732822,4.117345289,plausible,TRUE,none
TIC 156988678,6,0.63431,0.01377,443.5,5.4,14.58,TRUE,457.5520056,433.232959,33,0.317585269,ok,TRUE,156988678,1.38728,6846,F,0.28429739,3.186661016,plausible,TRUE,none
TIC 157036515,6,0.99247,0.00129,2185,6,91.63,TRUE,1954.118895,2347.85234,21,2.233113611,ok,TRUE,157036515,1.30625,6527,F,0.594174432,6.66004179,plausible,TRUE,none
TIC 157041022,6,1.89839,0.02146,606.8,6,12.71,FALSE,595.5819709,603.2696063,12,0.050174828,ok,TRUE,157041022,10.8315,4772,K,2.596410314,29.10290357,too_large,FALSE,none
TIC 157082316,6,1.05567,0.02988,778.4,6,52.6,TRUE,693.085087,896.9838054,20,2.772850973,ok,TRUE,157082316,78.6909,3633,M,21.36426034,239.4698578,too_large_mdwarf,FALSE,none
TIC 156834086,6,3.82612,0.08311,1286.5,0.5,5.35,TRUE,1314.870513,1263.371376,6,0.109278842,ok,TRUE,156834086,1.04244,5917,G,0.363846246,4.078316186,plausible,TRUE,none
TIC 156988793,6,3.46533,0.0944,1023.5,0.5,5.09,TRUE,975.3894132,850.8672303,5,0.376890328,ok,TRUE,156988793,0.909822,5611,G,0.283245027,3.17486518,plausible,TRUE,none
TIC 157011871,61,0.52107,0.01094,252.5,6,20.85,TRUE,269.0686795,236.9479329,50,1.789621839,ok,TRUE,157011871,7.58283,4822,K,1.172529954,13.14277101,plausible,TRUE,none
TIC 157008844,61,16.20098,0.39992,757.4,2.95,7.76,FALSE,773.2367669,672.8424465,2,0.689301475,ok,TRUE,157008844,13.5197,4662.6,K,3.620692486,40.58398001,too_large,FALSE,none
TIC 156919992,6,6.536,0.16181,1332,4.15,8.6,FALSE,1082.005035,1435.082467,3,0.919274286,ok,TRUE,156919992,10.2656,4879,K,3.645846552,40.86592941,too_large,FALSE,none
TIC 156883487,6,3.0703,0.05626,464.3,6,5.74,TRUE,507.5705795,424.6183696,7,0.478822532,ok,TRUE,156883487,5.09817,5033,K,1.068994795,11.98225575,plausible,TRUE,none
TIC 157041191,6,3.61017,0.07904,2376.5,6,12.41,FALSE,3189.011465,1283.269458,7,4.044725916,ok,FALSE,157041191,18.5883,4618,K,8.818008596,98.84017656,too_large,FALSE,none
TIC 156833933,6,7.07324,0.10539,741.9,5.4,10.25,FALSE,655.3848301,691.9907303,3,0.225799006,ok,TRUE,156833933,1.26705,5711,G,0.335836871,3.764361898,plausible,TRUE,none
TIC 232041575,32,20.95446,0.61378,1221.8,0.5,4.55,TRUE,1377.163725,1174.231496,2,0.384773363,ok,TRUE,232041575,1.18998,5590,G,0.404763794,4.536956892,plausible,TRUE,none
TIC 293776775,6,2.57521,0.05572,363.4,1.7,4.82,TRUE,253.3150739,458.2596415,7,1.324974336,ok,TRUE,293776775,1.29482,6377,F,0.240194908,2.692320702,plausible,TRUE,none
TIC 157039666,6,3.4311,0.07185,763.6,4.15,6.36,TRUE,694.9869922,787.8818604,7,0.360885358,ok,TRUE,157039666,10.7273,4894,K,2.884598157,32.33317228,too_large,FALSE,none
TIC 157081908,6,2.50937,0.0714,1153.8,0.5,4.5,TRUE,1313.919372,1034.711638,7,0.569114286,ok,TRUE,157081908,1.17565,5757,G,0.388602196,4.35580316,plausible,TRUE,none
TIC 156920403,61,13.63068,0.32189,948.3,6,6.86,TRUE,7997.566497,7789.923469,2,1.473090469,ok,TRUE,156920403,42.1305,4092,K,12.62500109,141.5123747,too_large,FALSE,none
TIC 157011787,61,9.95166,0.2548,833.5,2.95,12.86,FALSE,880.1990589,838.9289782,2,0.391832711,ok,TRUE,157011787,12.6269,4793.4,K,3.547410757,39.76257244,too_large,FALSE,none
TIC 232051434,33,4.70835,0.09649,375.2,2.35,19.29,FALSE,276.2870171,440.3012117,5,3.160987619,ok,FALSE,232051434,10.7198,4863,K,2.020598532,22.64868689,plausible,TRUE,none
TIC 156833430,6,0.85816,0.01109,322.7,2.35,5.64,TRUE,342.174017,292.3697585,25,0.450121788,ok,TRUE,156833430,1.9732,6633,F,0.344931236,3.866299735,plausible,TRUE,none
TIC 157115516,6,3.24675,0.07379,840,5.4,10.62,FALSE,1218.761616,545.4458012,7,3.255092888,ok,FALSE,157115516,9.97353,4866,K,2.812875283,31.52923776,too_large,FALSE,none
TIC 156835225,6,4.12107,0.06551,534.1,5.4,5.64,TRUE,603.6362904,449.6225107,6,0.846458797,ok,TRUE,156835225,1.64146,6609,F,0.369150557,4.137771683,plausible,TRUE,none
TIC 232047868,61,1.06357,0.00935,330.4,2.95,6.31,TRUE,1015.446726,4.495978515,24,6.361475603,ok,FALSE,232047868,9.81816,4582.8,K,1.736649038,19.4659254,plausible,TRUE,none
TIC 232047779,6,0.5,0.00021,525.1,1.1,63.84,FALSE,507.6817956,535.2524536,42,0.223055603,ok,TRUE,232047779,3.42461,8772,A,0.763649488,8.559670751,plausible,TRUE,none
TIC 156883271,61,0.66064,0.00657,148.9,4.8,11.41,TRUE,131.690345,178.5173227,38,1.97368316,ok,TRUE,156883271,10.7331,4995,K,1.274484213,14.28556609,plausible,TRUE,none
TIC 293689466,6,5.39043,0.12996,744.9,5.4,8.07,FALSE,497.0674812,801.4184504,4,1.57598991,ok,TRUE,293689466,1.00532,6313,F,0.267002449,2.992803753,plausible,TRUE,none
TIC 156938002,6,6.44646,0.15214,1927.7,0.5,4.9,TRUE,1752.238707,2016.426839,3,0.343734733,ok,TRUE,156938002,1.26774,5331,G,0.541641401,6.071204299,plausible,TRUE,none
TIC 157082658,6,3.34946,0.08121,872.2,5.4,11.37,FALSE,868.2072727,836.5804029,7,0.172472779,ok,TRUE,157082658,9.37359,4827,K,2.693865636,30.19527053,too_large,FALSE,none
TIC 157115121,6,17.96806,0.54285,376.9,0.5,5.51,TRUE,311.3664373,337.8576168,2,0.219222863,ok,TRUE,157115121,2.30251,8310,A,0.434987252,4.875728607,plausible,TRUE,none
TIC 170157503,6,8.66914,0.17616,800.3,5.4,5.97,TRUE,772.7142466,763.6888694,3,0.031853872,ok,TRUE,170157503,4.95115,5179,K,1.362995519,15.27768047,plausible,TRUE,none
TIC 170105168,6,2.82539,0.04827,521,6,12.17,FALSE,670.4642576,407.9482326,7,2.309503535,ok,TRUE,170105168,11.4066,4809.5,K,2.533593927,28.39880097,too_large,FALSE,none
TIC 157082671,61,3.82876,0.06256,322.1,4.8,6.77,TRUE,515.7470829,302.234831,7,3.397226182,ok,FALSE,157082671,8.93209,4746,K,1.559948958,17.48531187,plausible,TRUE,none
TIC 156832875,61,23.36149,0.4763,303.4,6,7.81,FALSE,448.9995242,120.5006169,2,5.66589774,ok,FALSE,156832875,27.7305,4355,K,4.70031998,52.68541662,too_large,FALSE,none
TIC 232052050,61,2.88859,0.04044,648.3,2.95,13.23,FALSE,772.5313012,526.5934973,8,3.070014317,ok,FALSE,232052050,11.4929,4620,K,2.847603868,31.918507,too_large,FALSE,none
TIC 232034528,6,9.60141,0.25725,1272.5,1.1,5.2,TRUE,1306.522846,1257.565306,3,0.104705502,ok,TRUE,232034528,1.58302,6210,F,0.549512066,6.159425795,plausible,TRUE,none
TIC 293652068,61,1.36906,0.02341,255.7,2.35,14.35,FALSE,246.12325,244.1341393,17,0.068175363,ok,TRUE,293652068,9.59723,5003,K,1.493389875,16.73925777,plausible,TRUE,none
TIC 293775800,6,3.9499,0.07994,1827.2,0.5,5.38,TRUE,1527.044975,2029.456978,5,0.75140747,ok,TRUE,293775800,1.90241,6080,F,0.791332676,8.869968828,plausible,TRUE,none
TIC 157012597,6,12.66681,0.36584,1454.1,0.5,5.51,TRUE,1526.504512,1383.32042,2,0.274900274,ok,TRUE,157012597,0.859822,5483,G,0.319056521,3.576272642,plausible,TRUE,none
TIC 232044227,61,15.31612,0.40661,3176.9,1.1,8.09,FALSE,1821.701602,3954.788032,2,3.610109035,ok,FALSE,232044227,20.1312,4450,K,11.04163461,123.7645782,too_large,FALSE,none
TIC 232055638,6,6.08567,0.22157,1280.1,6,11.38,FALSE,1376.283508,951.8147439,4,1.33499591,ok,TRUE,232055638,29.984,4387,K,10.43934988,117.0136289,too_large,FALSE,none
TIC 157077658,61,23.69068,0.49787,1966.1,2.35,8.16,FALSE,587.4131464,1339.036143,2,2.802450092,ok,TRUE,157077658,57.0805,3886,K,24.62932479,276.0676386,too_large,FALSE,none
TIC 170156618,6,2.33556,0.04707,836.8,6,17.94,FALSE,797.4472602,767.7757244,9,0.181217618,ok,TRUE,170156618,17.8977,4580,K,5.038137262,56.47197675,too_large,FALSE,none
TIC 156937350,6,9.31962,0.24166,1561.5,0.5,5.13,TRUE,1527.381068,1609.64043,2,0.137690017,ok,TRUE,156937350,0.92796,5705,G,0.356830679,3.999679395,plausible,TRUE,none
TIC 156916353,33,4.33702,0.09602,453.1,1.1,5.04,TRUE,430.1606085,490.6319778,6,0.345513795,ok,TRUE,156916353,3.8891,5079.8,K,0.80557889,9.029653215,plausible,TRUE,none
TIC 293648811,61,2.31449,0.04047,577.6,4.15,15.7,FALSE,584.0627023,457.3600455,11,2.169920235,ok,TRUE,293648811,9.63542,4876,K,2.253440927,25.25859401,plausible,TRUE,none
TIC 170161667,6,3.73395,0.09878,546.7,1.7,5.03,TRUE,513.8785957,553.0751781,6,0.177970038,ok,TRUE,170161667,1.36417,6096,F,0.310388032,3.47910841,plausible,TRUE,none
TIC 156884823,6,4.39759,0.11186,628.4,6,11.57,FALSE,552.5933789,623.0447643,5,0.543146041,ok,TRUE,156884823,10.1954,4977,K,2.48704872,27.8770804,plausible,TRUE,none
TIC 232048009,32,12.00317,0.32789,1467.1,0.5,5.63,TRUE,1377.464059,1519.268724,2,0.285416985,ok,TRUE,232048009,1.20069,5968,G,0.447530551,5.016325188,plausible,TRUE,none
TIC 156935333,33,6.45436,0.19325,884.2,0.5,4.62,TRUE,971.971113,796.2046911,4,0.47157086,ok,TRUE,156935333,1.05125,5785,G,0.304188786,3.409621683,plausible,TRUE,none
TIC 293775940,61,0.70015,0.01843,197,4.8,7.62,TRUE,217.3166742,171.8330591,37,1.253710594,ok,TRUE,293775940,10.7495,4820,K,1.468193553,16.45683471,plausible,TRUE,none
TIC 156990289,7,7.89226,0.17182,3949.7,0.5,22.67,FALSE,6626.050027,2804.982933,3,2.962901653,ok,TRUE,156990289,1.11657,5736,G,0.682857283,7.654078997,plausible,TRUE,none
TIC 232043844,61,3.46796,0.02913,576.8,4.15,15.31,FALSE,834.1204357,902.605285,7,0.94327551,ok,TRUE,232043844,10.5388,4827,K,2.463007443,27.60760412,plausible,TRUE,none
TIC 393270515,6,2.30395,0.03326,748.8,4.8,7.15,FALSE,663.3785904,749.6395366,9,0.387110772,ok,TRUE,393270515,2.74764,5115,K,0.731652201,8.201016359,plausible,TRUE,none
TIC 157082491,6,5.65114,0.09663,477.1,6,5.69,TRUE,366.3990653,520.1245954,4,0.881954586,ok,TRUE,157082491,1.85246,6483,F,0.393745391,4.41345271,plausible,TRUE,none
TIC 157015111,33,14.30222,0.41982,1273.6,0.5,4.86,TRUE,1405.247551,1141.415627,2,0.515719866,ok,TRUE,157015111,1.88581,6768,F,0.654902118,7.340732353,plausible,TRUE,none
TIC 170104496,61,0.71068,0.01382,226.8,6,6.65,TRUE,174.4740451,156.5436251,36,0.37856016,ok,TRUE,170104496,10.8158,4930,K,1.585046869,17.76663185,plausible,TRUE,none
TIC 232050962,61,0.9556,0.01163,285.1,2.95,7.8,FALSE,389.638674,368.6403202,27,0.306620834,ok,TRUE,232050962,7.77787,4860.6,K,1.277971663,14.32465658,plausible,TRUE,none
TIC 293690052,6,1.34799,0.0136,481.6,6,8.1,TRUE,524.2296971,434.7715063,15,0.750592744,ok,TRUE,293690052,2.18352,6808,F,0.466296707,5.226673164,plausible,TRUE,none
TIC 157036220,61,13.72285,0.33311,1054.6,2.95,14.21,FALSE,929.4936799,1120.404195,2,1.584018232,ok,TRUE,157036220,11.3116,4827.4,K,3.574619814,40.06755603,too_large,FALSE,none
TIC 157008915,6,2.62788,0.03747,4934.4,6,65.4,FALSE,4245.512197,5789.319817,8,2.319268869,ok,TRUE,157008915,1.14798,5816,G,0.784717673,8.79582192,plausible,TRUE,none
TIC 293775118,6,0.52897,0.00811,793.2,5.4,50.15,TRUE,676.6095334,923.4907205,40,1.127784903,ok,TRUE,293775118,1.89624,7373,F,0.519692671,5.825183175,plausible,TRUE,none
TIC 157042692,61,17.4677,0.56477,858.7,2.95,7.02,FALSE,865.1737356,930.2426369,2,0.346269723,ok,TRUE,157042692,14.6788,4557.1,K,4.185749367,46.91764608,too_large,FALSE,none
TIC 156836725,61,13.51743,0.2896,674.5,2.95,5.73,TRUE,695.6772158,882.5760896,2,0.73663252,ok,TRUE,156836725,5.84334,4972,K,1.476774108,16.5530133,plausible,TRUE,none
TIC 293690555,6,4.46606,0.08216,446.7,4.15,6.16,TRUE,415.5140346,467.7557013,5,0.326877315,ok,TRUE,293690555,1.71774,6601,F,0.353286743,3.959955771,plausible,TRUE,none
TIC 156918254,34,13.23828,0.2815,134044.8,0.5,234.24,TRUE,137582.9019,130513.0258,2,5.958966265,ok,FALSE,156918254,8.90487,5295,G,31.72594045,355.6128939,too_large,FALSE,none
TIC 156883631,61,16.38533,0.32115,767.9,3.55,14.24,FALSE,575.1616992,795.0926789,2,2.347818981,ok,TRUE,156883631,22.5062,4366,K,6.068990298,68.02670535,too_large,FALSE,none
TIC 170161210,6,7.41559,0.13639,329.8,1.1,5.7,TRUE,213.5557298,334.3028163,3,0.607044722,ok,TRUE,170161210,1.45764,6459,F,0.257595065,2.887357325,plausible,TRUE,none
TIC 156936324,6,12.22965,0.32762,935.5,6,8.2,FALSE,540.3690878,1154.314926,2,2.749672697,ok,TRUE,156936324,5.73706,4854,K,1.70754919,19.13974811,plausible,TRUE,none
TIC 293693557,6,15.37669,0.42049,1135.2,1.1,5.32,TRUE,1337.663818,1000.00692,2,0.78307843,ok,TRUE,293693557,1.19996,6091,F,0.393427666,4.409891362,plausible,TRUE,none
TIC 157011480,61,3.9657,0.08702,348.1,4.8,5.71,TRUE,298.2741712,289.3741046,6,0.098803102,ok,TRUE,157011480,17.7131,4421,K,3.215944326,36.04719835,too_large,FALSE,none
TIC 157036453,6,0.5474,0.00515,2742.3,0.5,150.49,FALSE,2661.18931,2901.658606,38,0.305226539,ok,TRUE,157036453,2.97393,7556,A,1.515479826,16.98686182,plausible,TRUE,none
TIC 156989955,6,14.002,0.30668,1425.9,2.95,5.38,TRUE,1165.004484,1402.161971,2,0.464798437,ok,TRUE,156989955,1.09558,5681,G,0.402578489,4.512462026,plausible,TRUE,none
TIC 156837054,6,4.44236,0.12778,10548.2,6,102.75,FALSE,8984.9802,11752.91097,5,1.021503231,ok,TRUE,156837054,1.9086,9102,A,1.907506528,21.38104992,plausible,TRUE,none
TIC 393270038,61,7.04427,0.15955,600.4,2.35,8.18,FALSE,875.4346738,524.3749613,3,2.89239259,ok,TRUE,393270038,7.15866,4709.87,K,1.706923327,19.13273288,plausible,TRUE,none
TIC 232037407,6,2.9913,0.04509,780.7,6,8.95,FALSE,525.9059606,817.351952,7,1.847811656,ok,TRUE,232037407,3.89603,5126,K,1.059317916,11.87378859,plausible,TRUE,none
TIC 157077970,6,2.84119,0.07044,768.1,6,8.88,FALSE,765.7203917,646.5134227,7,0.664174928,ok,TRUE,157077970,10.3487,4788,K,2.7909793,31.28380787,too_large,FALSE,none
TIC 170101576,33,5.17184,0.14697,861.1,0.5,4.79,TRUE,952.3530563,776.3188544,4,0.503554502,ok,TRUE,170101576,1.76223,6423,F,0.503212384,5.640457291,plausible,TRUE,none
TIC 232056829,6,2.52253,0.05104,588.4,6,8.42,FALSE,7.08E+18,-1.64E+16,7,8.08E+15,ok,FALSE,232056829,9.82032,4624.5,K,2.318055913,25.98285693,plausible,TRUE,none
TIC 232034218,61,6.20681,0.13563,1374.1,4.15,8.53,FALSE,929.6257506,191.3769333,5,5.064855145,ok,FALSE,232034218,41.3641,4118,K,14.92088849,167.246747,too_large,FALSE,none
TIC 156920007,61,1.39803,0.02476,455.6,2.35,6.1,TRUE,665.1619413,332.7448966,17,2.883645766,ok,TRUE,156920007,11.1563,4728,K,2.317255798,25.97388851,plausible,TRUE,none
TIC 157041176,6,11.16834,0.27365,5952,6,11.95,FALSE,3664.515268,7481.607127,2,2.725831604,ok,TRUE,157041176,1.76645,6752,F,1.326156401,14.86475448,plausible,TRUE,none
TIC 156886356,6,2.06694,0.0011,3541.8,1.7,26.08,FALSE,3077.574567,3180.79479,10,0.39668646,ok,TRUE,156886356,1.09559,6330,F,0.634485953,7.111889603,plausible,TRUE,none
TIC 232056623,6,1.60081,0.03134,517.9,4.8,6.8,TRUE,454.9211802,495.5071138,13,0.301799146,ok,TRUE,232056623,10.339,4991,K,2.289620086,25.66412258,plausible,TRUE,none
TIC 232037378,6,2.69371,0.05996,103.2,1.7,7.36,FALSE,118.4769332,93.16456312,8,0.824177566,ok,TRUE,232037378,1.84072,6595.99,F,0.181965693,2.039635254,plausible,TRUE,none
TIC 157014450,6,5.88026,0.13894,260,2.35,5.32,TRUE,309.6563026,237.7778186,3,0.690572452,ok,TRUE,157014450,1.04879,5894,G,0.164564876,1.84459124,plausible,TRUE,none
TIC 293690747,6,1.26898,0.01948,489.1,1.1,4.53,TRUE,556.9327834,479.2562887,16,0.377696174,ok,TRUE,293690747,1.21774,6091,F,0.262068811,2.937503099,plausible,TRUE,none
TIC 393270427,6,3.63124,0.05429,728.6,0.5,5.12,TRUE,769.1014775,596.0265637,5,0.666468202,ok,TRUE,393270427,1.27648,4946.9,K,0.335289948,3.758231499,plausible,TRUE,none
TIC 156883582,6,4.77945,0.094,14222.7,4.8,16.24,FALSE,9893.744747,18140.04629,5,2.695459335,ok,TRUE,156883582,5.60319,5055.1,K,6.502619014,72.88720627,too_large,FALSE,none
TIC 156992614,61,0.64748,0.00955,96.3,6,19.21,TRUE,93.04317866,95.63177848,34,0.222324149,ok,TRUE,156992614,10.9725,5072.7,K,1.047805488,11.74474693,plausible,TRUE,none
TIC 157013102,6,1.26372,0.01549,407.6,4.8,5.6,TRUE,7.77E+17,4.31E+17,17,1.42E+12,ok,FALSE,157013102,1.76807,6457,F,0.347358938,3.893511601,plausible,TRUE,none
TIC 156836787,6,2.29605,0.04566,1157.1,0.5,5.04,TRUE,1277.312732,1223.00833,9,0.120787407,ok,TRUE,156836787,0.904568,5788,G,0.299425375,3.356229088,plausible,TRUE,none
TIC 156882995,33,6.22525,0.14264,1822.3,0.5,4.38,TRUE,1679.346357,2108.7447,4,0.544641023,ok,TRUE,156882995,0.328812,3418,M,0.136590197,1.531025861,plausible,TRUE,none
TIC 156885046,33,5.74595,0.15346,1828.6,0.5,4.95,TRUE,1574.895729,2136.472348,4,0.789827136,ok,TRUE,156885046,1.16768,6074,F,0.485898026,5.446382386,plausible,TRUE,none
TIC 156986401,6,3.08084,0.0366,1286,6,14.15,FALSE,1441.779229,1082.193327,6,1.63274667,ok,TRUE,156986401,11.206,4705.1,K,3.910506733,43.83247892,too_large,FALSE,none
TIC 293695378,7,5.27982,0.12662,1441.4,6,33.73,FALSE,1774.280467,1199.357829,5,1.857578542,ok,TRUE,293695378,50.7409,3965,K,18.74616177,210.1238527,too_large,FALSE,none
TIC 232049156,6,6.22788,0.17866,909.5,0.5,4.86,TRUE,835.6516578,979.5695381,4,0.390354944,ok,TRUE,232049156,0.965559,5894,G,0.283362323,3.176179937,plausible,TRUE,none
TIC 293653269,61,17.95226,0.47588,1540.5,1.1,7.23,FALSE,1777.834527,1275.749625,2,1.10623422,ok,TRUE,293653269,57.4347,4055,K,21.93649027,245.8839258,too_large,FALSE,none
TIC 156883689,61,0.60271,0.00915,361.3,6,37.43,TRUE,371.8817622,335.6412203,42,2.352585006,ok,TRUE,156883689,14.5198,4502,K,2.685694134,30.10367698,too_large,FALSE,none
TIC 157008583,61,0.87659,0.01904,197.9,4.15,32.34,TRUE,189.9470645,203.9756366,25,0.701970481,ok,TRUE,157008583,10.6137,4920.4,K,1.45295325,16.28600768,plausible,TRUE,none
TIC 170101209,6,5.76702,0.17093,500.6,0.5,5.16,TRUE,480.4777335,524.9610751,4,0.228760677,ok,TRUE,170101209,1.43481,6344,F,0.31239333,3.5015856,plausible,TRUE,none
TIC 156934330,6,1.13468,0.01212,287.5,6,7.39,TRUE,297.3849,282.6922171,18,0.210735323,ok,TRUE,156934330,1.27654,6716,F,0.210627604,2.360903753,plausible,TRUE,none
TIC 157039357,6,3.06767,0.03541,750.8,2.95,5.37,TRUE,731.9838534,601.1252835,7,0.479673189,ok,TRUE,157039357,4.92558,5029,K,1.313352922,14.72124157,plausible,TRUE,none
TIC 156883964,6,3.02027,0.06783,766.5,1.1,5.03,TRUE,1005.419944,519.61783,6,1.590487906,ok,TRUE,156883964,0.93614,5936,G,0.252207976,2.826973987,plausible,TRUE,none
TIC 232040896,6,2.76218,0.05362,451.8,4.15,4.96,TRUE,405.7787263,496.9530477,7,0.487820061,ok,TRUE,232040896,1.26461,5614,G,0.261572245,2.931937142,plausible,TRUE,none
TIC 170156858,6,2.96233,0.08488,977.4,6,8.89,FALSE,1225.450594,762.7018149,7,1.83814305,ok,TRUE,170156858,8.74358,4797,K,2.660035244,29.81606905,too_large,FALSE,none
TIC 170105186,6,2.58047,0.0411,1126.5,6,17.47,FALSE,1016.867491,1137.718038,9,0.563460527,ok,TRUE,170105186,21.5999,4316,K,7.054711759,79.07555864,too_large,FALSE,none
TIC 157077953,61,10.83389,0.27839,672.2,2.95,18.63,FALSE,933.2015904,645.8013133,2,4.308958993,ok,FALSE,157077953,10.9033,4881,K,2.750864199,30.83416172,too_large,FALSE,none
TIC 156937848,6,10.19658,0.32819,152.5,2.35,5.09,TRUE,174.5612053,121.6929695,2,0.85778346,ok,TRUE,156937848,1.76334,8132,A,0.211900956,2.375176629,plausible,TRUE,none
TIC 232055029,61,2.35136,0.04974,986.3,1.1,5.31,TRUE,1058.455894,815.8260302,9,0.906131331,ok,TRUE,232055029,39.5644,4067,K,12.09124541,135.5295607,too_large,FALSE,none
TIC 293648337,6,2.68055,0.07042,3672.1,0.5,14.7,FALSE,3729.598957,3629.654887,7,0.069889385,ok,TRUE,293648337,2.29614,7780,A,1.353996525,15.17681164,plausible,TRUE,none
TIC 393270736,61,0.74228,0.02269,254.5,4.15,5.85,TRUE,291.0826438,342.7896847,34,0.866487975,ok,TRUE,393270736,8.98938,4831,K,1.395518404,15.64222624,plausible,TRUE,none
TIC 393270224,6,2.35662,0.01959,1847,6,38.15,FALSE,1874.198009,1802.958378,9,0.386671619,ok,TRUE,393270224,2.16647,6407,F,0.906041442,10.15572792,plausible,TRUE,none
TIC 232045277,6,13.15401,0.28261,316.9,1.7,9.21,FALSE,306.0448025,325.5781953,2,0.241657944,ok,TRUE,232045277,3.89986,6533,F,0.67557267,7.572426497,plausible,TRUE,none
TIC 156836490,61,14.90793,0.33166,554.8,2.95,15.49,FALSE,503.7632183,452.1324616,2,0.813545813,ok,TRUE,156836490,11.0098,5161,K,2.523536505,28.28606833,too_large,FALSE,none
TIC 156917205,33,1.40066,0.03948,809.3,0.5,6.63,TRUE,703.5635646,920.9697234,18,0.855984693,ok,TRUE,156917205,1.5428,7694,A,0.427096818,4.787285524,plausible,TRUE,none
TIC 156887127,6,3.67601,0.07896,482.7,5.4,5.22,TRUE,297.026687,658.206826,5,2.005323925,ok,TRUE,156887127,2.22831,6411,F,0.476404872,5.33997457,plausible,TRUE,none
TIC 156920488,61,4.31859,0.07839,303.2,2.95,7.25,FALSE,466.6000887,330.5524848,6,1.593635583,ok,TRUE,156920488,8.9802,5206,G,1.521642196,17.05593521,plausible,TRUE,none
TIC 232030501,6,4.62144,0.11845,1592,0.5,4.81,TRUE,1397.48393,1724.094448,5,0.513254647,ok,TRUE,232030501,1.53404,5797,G,0.595621205,6.67625853,plausible,TRUE,none
TIC 156834115,61,3.87089,0.10031,810.8,0.5,5.01,TRUE,314.2543386,930.2864319,7,2.408244233,ok,TRUE,156834115,1.11004,5719,G,0.307579534,3.447628236,plausible,TRUE,none
TIC 157077112,61,1.11624,0.01089,259.4,2.95,12.56,FALSE,336.1258884,197.4806677,22,4.329676724,ok,FALSE,157077112,13.4322,4741,K,2.10520344,23.59701484,plausible,TRUE,none
TIC 293695475,33,11.83989,0.29745,2357.2,0.5,5.3,TRUE,2743.028951,1970.953835,2,0.890148771,ok,TRUE,293695475,1.00149,5411,G,0.473158634,5.303587808,plausible,TRUE,none
TIC 156992498,6,0.5237,0.00112,2418.6,0.5,50.75,FALSE,2450.905783,1939.976991,40,0.678817758,ok,TRUE,156992498,2.25142,7252,F,1.077458321,12.07712258,plausible,TRUE,none
TIC 156986606,6,3.00183,0.085,8197,6,15.38,FALSE,10478.2264,6527.534639,7,2.513155677,ok,TRUE,156986606,1.88634,6264,F,1.661917179,18.62826347,plausible,TRUE,none
TIC 157081126,6,9.60667,0.159,1731,0.5,5.78,TRUE,2222.575314,1239.10091,2,1.617549785,ok,TRUE,157081126,1.39692,6466.29,F,0.565564322,6.33935393,plausible,TRUE,none
TIC 156934129,6,1.17945,0.01704,74.8,1.1,5.97,TRUE,79.98307237,72.94988553,19,0.263737346,ok,TRUE,156934129,2.39748,10293,B,0.201775173,2.261677732,plausible,TRUE,none
TIC 156833850,61,11.95576,0.27177,5847.5,1.1,112.16,FALSE,4395.614893,-259.3429938,3,64.93148762,ok,FALSE,156833850,59.1935,3836,K,44.04748035,493.7238025,too_large,FALSE,none
TIC 157008504,61,0.58954,0.00017,1009.6,0.5,9.5,FALSE,792.7459424,1292.741739,40,3.514903232,ok,FALSE,157008504,22.4729,4586,K,6.948574621,77.88587806,too_large,FALSE,none
TIC 156919440,6,5.51157,0.136,681.9,6,7.62,FALSE,628.0004021,644.1738638,4,0.105034796,ok,TRUE,156919440,0.994509,5669,G,0.252714987,2.83265702,plausible,TRUE,none
TIC 293776984,61,11.78459,0.26353,1478.5,2.35,38.46,FALSE,1990.67661,1562.431134,2,6.191791598,ok,FALSE,293776984,65.6855,3949,K,24.57774931,275.4895342,too_large,FALSE,none
TIC 293688841,7,13.12504,0.33696,6093,2.35,20.61,FALSE,3742.234892,6575.830751,2,5.114780176,ok,FALSE,293688841,3.47491,4985,K,2.63949647,29.58585198,too_large,FALSE,none
TIC 157012478,6,4.77418,0.10006,1100.8,1.1,4.89,TRUE,1183.421557,1031.856485,5,0.341007866,ok,TRUE,157012478,1.13823,6131,F,0.367490549,4.11916481,plausible,TRUE,none
TIC 156884028,61,4.56087,0.10176,889.1,1.7,6.54,TRUE,851.18362,2429.73636,6,4.211536737,ok,FALSE,156884028,10.6503,4746,K,3.0902889,34.63873925,too_large,FALSE,none
TIC 232055560,6,0.76598,0.00577,137,6,8.48,TRUE,121.0816815,155.6113662,26,1.104088615,ok,TRUE,232055560,2.55508,8641,A,0.291022604,3.262043261,plausible,TRUE,none
TIC 156933832,61,14.53397,0.45275,1038.3,2.95,6.95,TRUE,356.7669686,2922.637227,2,9.796823616,ok,FALSE,156933832,14.8797,4534,K,4.665707811,52.29745228,too_large,FALSE,none
TIC 156886132,61,1.98267,0.05116,343.8,2.35,14.34,FALSE,361.9650734,334.8696168,13,0.684190019,ok,TRUE,156886132,10.7192,4691,K,1.934092522,21.67904967,plausible,TRUE,none
TIC 157082288,6,3.44163,0.09147,741.6,3.55,6.21,TRUE,505.4379084,868.1964341,7,1.440857692,ok,TRUE,157082288,4.15041,5176,K,1.099860985,12.3282318,plausible,TRUE,none
TIC 156936852,6,6.29109,0.13411,2660.8,6,21.41,FALSE,3077.770669,2548.698199,3,0.886775045,ok,TRUE,156936852,1.13109,6215,F,0.567760552,6.363971248,plausible,TRUE,none
TIC 156920762,61,2.04324,0.02899,206.2,3.55,10.88,FALSE,190.8127725,212.2246561,10,0.513537281,ok,TRUE,156920762,7.47896,4893,K,1.045075043,11.71414164,plausible,TRUE,none
TIC 293688871,6,9.27485,0.16505,1291.1,1.1,4.67,TRUE,4.85E+20,-7.32E+17,3,3.67E+17,ok,FALSE,293688871,1.86296,5758,G,0.651396478,7.301437986,plausible,TRUE,none
TIC 156832751,6,8.97727,0.14985,1570.9,6,12.21,FALSE,1926.671763,1338.591268,3,1.475358906,ok,TRUE,156832751,14.4358,4449,K,5.567715838,62.40797006,too_large,FALSE,none
TIC 156916878,61,6.05144,0.08589,720.7,2.95,30.35,FALSE,811.7447054,618.0448617,4,2.808459346,ok,TRUE,156916878,10.5399,4748,K,2.753440442,30.86303857,too_large,FALSE,none
TIC 232048133,61,18.30515,0.51132,715.4,3.55,16.67,FALSE,694.1602129,697.988933,2,0.05262259,ok,TRUE,232048133,10.4524,5021,K,2.720523143,30.49407186,too_large,FALSE,none
TIC 156993118,6,1.27162,0.01866,383.2,6,8.39,TRUE,381.4150417,395.5392521,16,0.160588613,ok,TRUE,156993118,1.86703,6696,F,0.355652595,3.986474375,plausible,TRUE,none
TIC 156887602,6,2.20125,0.04444,741.5,0.5,4.93,TRUE,631.5277573,879.8701548,9,0.838234069,ok,TRUE,156887602,1.06341,6107,F,0.281785248,3.158502666,plausible,TRUE,none
TIC 156883784,6,5.57741,0.1254,10436.9,6,97.42,FALSE,10527.70934,10621.1007,4,0.064109562,ok,TRUE,156883784,1.08332,6169,F,1.076972113,12.07167271,plausible,TRUE,none
TIC 156919552,61,22.81372,0.50548,1038.9,1.1,6.29,TRUE,595.3818268,6831.498462,2,22.31559744,ok,FALSE,156919552,4.4992,4982.8,K,1.411185507,15.81783723,plausible,TRUE,none
TIC 293774865,33,13.68335,0.2949,313246.9,0.5,408.41,TRUE,297530.8802,328943.0232,2,20.90894031,ok,FALSE,293774865,3.126,5073,K,17.02528145,190.8346772,too_large,FALSE,none
TIC 232055928,6,5.68801,0.18305,470.8,0.5,4.74,TRUE,533.2089333,408.2576973,4,0.627263615,ok,TRUE,232055928,1.2468,6340,F,0.263255199,2.950801196,plausible,TRUE,none
TIC 293694020,6,3.17828,0.08344,932.3,0.5,5.01,TRUE,881.7267582,877.9875696,7,0.011411851,ok,TRUE,293694020,2.9837,7170,F,0.886533052,9.937060331,plausible,TRUE,none
TIC 393269537,6,3.07557,0.0599,458.9,6,11.38,FALSE,508.7936457,360.9332044,7,1.757297358,ok,TRUE,393269537,6.96242,4826.6,K,1.451380161,16.26837509,plausible,TRUE,none
TIC 156836825,61,14.33646,0.25924,507.6,5.4,8.3,FALSE,609.9155251,375.0699802,2,2.548623902,ok,TRUE,156836825,24.2913,4211,K,5.325660773,59.69479904,too_large,FALSE,none
TIC 156836547,61,0.80285,0.01041,316.2,4.15,7.1,TRUE,392.2692221,231.2921843,32,2.36911367,ok,TRUE,156836547,13.5885,4493.4,K,2.351334343,26.35587151,plausible,TRUE,none
TIC 293776788,61,5.28772,0.11783,667.9,2.35,6.52,TRUE,1040.088434,390.6736712,4,3.052524249,ok,FALSE,293776788,10.6953,4945,K,2.689742023,30.14904936,too_large,FALSE,none
TIC 156934380,6,16.70135,0.50576,1555,1.1,4.86,TRUE,1621.080467,1518.981905,2,0.167097362,ok,TRUE,156934380,0.578112,3906,K,0.221839622,2.486578138,plausible,TRUE,none
TIC 293647796,33,1.07937,0.01779,166.6,2.95,56.63,FALSE,164.8673441,167.4983392,23,0.167652533,ok,TRUE,293647796,10.414,4957,K,1.3080279,14.66155392,plausible,TRUE,none
TIC 156988969,61,3.37052,0.08452,392.6,1.7,9.47,FALSE,425.630363,529.9896763,8,2.019099274,ok,TRUE,156988969,6.88637,5013,K,1.327784017,14.88299827,plausible,TRUE,none
TIC 157011594,61,2.59627,0.03171,206.1,4.15,13.22,FALSE,199.6953884,139.0213172,10,2.456070468,ok,TRUE,157011594,25.7522,4379,K,3.597619827,40.32536088,too_large,FALSE,none
TIC 156917153,61,17.65468,0.3943,712,1.1,13.88,FALSE,-66.58879125,26864.6734,2,251.6714039,ok,FALSE,156917153,5.56089,7933,A,1.443930323,16.18487059,plausible,TRUE,none
TIC 156835747,6,3.48377,0.06825,561.5,6,5.95,TRUE,375.4106041,661.1275334,7,1.730592084,ok,TRUE,156835747,6.25005,4542.5,K,1.441186906,16.15411991,plausible,TRUE,none
TIC 170157512,6,6.25158,0.14587,796.2,2.95,4.7,TRUE,442.3446809,933.7196303,3,1.444645897,ok,TRUE,170157512,1.47006,6416,F,0.403652905,4.524505052,plausible,TRUE,none
TIC 157078294,6,7.94756,0.22575,298.7,6,5.82,TRUE,437.1452367,213.7338307,3,2.026147473,ok,TRUE,157078294,0.706191,5113,K,0.118768624,1.33126563,plausible,TRUE,none
TIC 156886417,33,0.84236,0.01587,627.4,0.5,5.79,TRUE,604.0050175,684.8553276,29,0.386046735,ok,TRUE,156886417,0.773067,5292,G,0.188430555,2.112099249,plausible,TRUE,none
TIC 156832699,61,5.09547,0.08991,868.8,2.95,11.75,FALSE,891.6310256,391.6468899,5,4.486872242,ok,FALSE,156832699,11.1066,4779,K,3.185686043,35.70803629,too_large,FALSE,none
TIC 156836339,61,0.5079,0.00986,199.9,5.4,21.29,TRUE,214.1717533,177.2781335,51,2.45575439,ok,TRUE,156836339,14.0211,4688,K,1.929080804,21.62287382,plausible,TRUE,none
TIC 156919150,33,2.72268,0.0625,179.2,1.1,5.1,TRUE,223.5580593,139.3128493,8,1.198081637,ok,TRUE,156919150,0.771846,4364,K,0.100545259,1.127001751,plausible,TRUE,none
TIC 157039829,61,11.92943,0.3475,20905.2,2.35,86.21,FALSE,659.2744514,9736.192237,3,21.2319713,ok,FALSE,157039829,116.947,3432,M,164.5425352,1844.340823,too_large_mdwarf,FALSE,none
TIC 232048465,6,1.77462,0.00978,13996.7,6,99.56,FALSE,13569.83732,14622.11132,12,0.615585039,ok,TRUE,232048465,1.09618,5046,K,1.261992101,14.14554326,plausible,TRUE,none
TIC 232044062,6,5.96453,0.13612,1335.8,4.8,9.84,FALSE,1065.900921,1486.834265,4,1.263681084,ok,TRUE,232044062,5.75299,4939,K,2.046097262,22.9344996,plausible,TRUE,none
TIC 232044404,61,23.22982,0.46181,919.8,1.7,4.97,TRUE,1474.411499,800.9354224,2,2.67217137,ok,TRUE,232044404,34.0968,4289,K,10.06287923,112.793807,too_large,FALSE,none
TIC 293648545,6,2.55677,0.0533,196.1,6,5.45,TRUE,195.6104529,195.2383023,7,0.005285641,ok,TRUE,293648545,1.54958,6743,F,0.211161498,2.366888118,plausible,TRUE,none
TIC 293690719,61,12.90119,0.27553,749.5,3.55,11.21,FALSE,175.5289493,3826.949829,2,17.73299376,ok,FALSE,293690719,65.0315,3956,K,17.32493148,194.1934244,too_large,FALSE,none
TIC 156990321,6,4.20271,0.10582,737.4,1.7,4.85,TRUE,744.3743963,724.6004923,5,0.062534313,ok,TRUE,156990321,0.831595,5634,G,0.219748223,2.463135856,plausible,TRUE,none
TIC 232042058,61,18.45,0.37957,721.8,3.55,13.32,FALSE,892.1876243,768.5769967,2,0.237890249,ok,TRUE,232042058,20.3007,4774.6,K,5.307394716,59.49005663,too_large,FALSE,none
TIC 157115122,6,5.55107,0.09055,827.6,2.35,4.94,TRUE,1144.586065,542.1210998,4,1.888772805,ok,TRUE,157115122,1.97467,6270,F,0.552798308,6.19626095,plausible,TRUE,none
TIC 293688536,33,13.68861,0.26991,105011.9,0.5,227.58,TRUE,83307.65944,126718.1552,2,44.97748791,ok,FALSE,293688536,8.29629,4778,K,26.16164922,293.2433099,too_large,FALSE,none
TIC 156836263,6,9.81735,0.29677,812.5,0.5,4.69,TRUE,743.9684424,840.7090616,3,0.263384652,ok,TRUE,156836263,1.15358,5658,G,0.319978898,3.586611469,plausible,TRUE,none
TIC 156835151,7,11.87939,0.28934,2634.5,6,28.65,FALSE,3629.203123,2496.541348,2,4.641404042,ok,FALSE,156835151,27.3073,4355.1,K,13.63922829,152.880746,too_large,FALSE,none
TIC 293693588,6,1.65611,0.03814,508.5,1.1,4.67,TRUE,564.6725973,477.1557745,12,0.442027278,ok,TRUE,293693588,1.36045,6243,F,0.298531387,3.346208467,plausible,TRUE,none
TIC 293695214,6,3.93936,0.08592,1584.7,0.5,5.6,TRUE,1732.210952,1362.675889,5,0.695297654,ok,TRUE,293695214,1.15685,6402,F,0.448138768,5.023142631,plausible,TRUE,none
TIC 156920002,6,4.68465,0.09695,1523.2,1.1,5.61,TRUE,1559.990565,1493.89516,4,0.115454935,ok,TRUE,156920002,1.8897,7550,A,0.717684,8.044448186,plausible,TRUE,none
TIC 293647658,6,11.79512,0.26283,453.3,2.35,6.95,TRUE,363.8871621,702.3523796,2,2.242877784,ok,TRUE,293647658,1.15912,5613,G,0.240150334,2.691821076,plausible,TRUE,none
TIC 157014586,6,5.83549,0.13693,1547.5,0.5,4.58,TRUE,1690.001459,1404.460232,4,0.451008481,ok,TRUE,157014586,1.20306,6178,F,0.460537026,5.162113467,plausible,TRUE,none
TIC 157041082,6,5.72225,0.18383,2039.2,0.5,4.73,TRUE,2496.774951,1578.820202,3,1.129572174,ok,TRUE,157041082,1.78522,6331,F,0.784483097,8.793192586,plausible,TRUE,none
TIC 293693212,6,9.19058,0.19773,1241.6,6,9.54,FALSE,1467.451486,1125.798353,3,0.99783682,ok,TRUE,293693212,8.68714,4751,K,2.978719497,33.38816897,too_large,FALSE,none
TIC 156884253,6,4.80842,0.129,265.1,2.35,5.28,TRUE,251.4337756,317.9555469,4,0.557620259,ok,TRUE,156884253,1.84427,6055,F,0.292207461,3.275324214,plausible,TRUE,none
TIC 157014771,6,0.96876,0.01395,487.8,1.1,5.2,TRUE,443.0370036,543.1749189,21,0.548387341,ok,TRUE,157014771,1.55346,6877,F,0.333874237,3.742362936,plausible,TRUE,none
TIC 157081159,6,2.009,0.05031,583.6,0.5,4.92,TRUE,661.8428805,507.0698416,10,0.674210641,ok,TRUE,157081159,0.806376,5019,K,0.18956457,2.124810311,plausible,TRUE,none
TIC 156836936,6,3.09927,0.07269,538.1,4.8,6.12,TRUE,618.0672716,497.2359572,6,0.627773118,ok,TRUE,156836936,1.31836,6187,F,0.297596247,3.335726568,plausible,TRUE,none
TIC 156886096,6,13.12504,0.3069,1690.1,6,9.5,FALSE,1384.030798,1963.612832,2,1.41094268,ok,TRUE,156886096,10.3154,4749,K,4.126712464,46.25590734,too_large,FALSE,none
TIC 232044045,61,19.77465,0.51841,621.8,2.35,7.3,FALSE,361.3932277,545.426811,2,1.604792732,ok,TRUE,232044045,21.3929,4549,K,5.191070839,58.18619393,too_large,FALSE,none
TIC 232027367,6,14.98167,0.40427,3124.5,6,23.95,FALSE,2365.741648,3621.722115,2,2.240151343,ok,TRUE,232027367,2.98097,5295,G,1.621473314,18.17493223,plausible,TRUE,none
TIC 156918481,33,18.54744,0.5908,2684.2,0.5,4.67,TRUE,2614.019821,2757.434392,2,0.12923191,ok,TRUE,156918481,0.880933,5762,G,0.444132189,4.978233297,plausible,TRUE,none
TIC 232045242,6,3.24412,0.07476,20752.4,6,254.45,FALSE,19649.4591,20865.94695,7,0.284400093,ok,TRUE,232045242,0.932905,5246,G,1.307776476,14.65873574,plausible,TRUE,none
TIC 157077183,61,17.70998,0.42785,714.1,2.95,8.15,FALSE,1551.615104,126.6493604,2,12.40265157,ok,FALSE,157077183,25.8084,4513,K,6.711236343,75.22557705,too_large,FALSE,none
TIC 156836442,6,4.94273,0.07901,551.8,5.4,5.21,TRUE,427.3307528,634.9906928,5,0.975198771,ok,TRUE,156836442,4.52221,5321,G,1.033721406,11.58687987,plausible,TRUE,none
TIC 232049069,61,15.16864,0.47994,1341.9,1.7,5.99,TRUE,1498.196333,1525.434528,2,0.074837589,ok,TRUE,232049069,10.6281,4853,K,3.788590309,42.46592991,too_large,FALSE,none
TIC 232034343,61,5.21661,0.09356,426.7,3.55,19.77,FALSE,600.5468221,346.1368468,5,5.850244485,ok,FALSE,232034343,11.4444,4808,K,2.300468472,25.78572106,plausible,TRUE,none
TIC 156886511,6,0.69751,0.00159,819.6,6,12.14,TRUE,726.6878024,902.1640074,30,1.221328898,ok,TRUE,156886511,5.82705,4970,K,1.623348093,18.19594643,plausible,TRUE,none
TIC 293653033,61,11.70821,0.27258,387,3.55,9.77,FALSE,413.4181803,387.4427333,2,0.409848828,ok,TRUE,293653033,8.64254,5059.8,K,1.654469694,18.54478535,plausible,TRUE,none
TIC 156934334,61,6.10147,0.12534,570.7,2.95,6.1,TRUE,602.7958094,617.8859422,4,0.10477047,ok,TRUE,156934334,11.2511,4666.2,K,2.615536931,29.3172919,too_large,FALSE,none
TIC 156992492,7,9.25115,0.19548,649.9,5.4,8.71,FALSE,650.4049899,606.4906454,3,0.249257673,ok,TRUE,156992492,2.05391,7144,F,0.509526309,5.711229445,plausible,TRUE,none
TIC 232056520,6,4.04207,0.09875,893.8,1.1,4.83,TRUE,939.0620271,867.9915775,5,0.183094476,ok,TRUE,232056520,1.19245,5859,G,0.346914369,3.888528472,plausible,TRUE,none
TIC 232037862,61,10.77068,0.19336,2443.5,2.95,23.1,FALSE,2486.189742,1127.629163,3,4.476204892,ok,FALSE,232037862,1.75529,7174,F,0.844339265,9.464114382,plausible,TRUE,none
TIC 156835808,6,1.20315,0.0277,574,1.1,4.78,TRUE,736.6504181,494.8957656,17,1.013702593,ok,TRUE,156835808,1.58476,6557.1,F,0.369471873,4.141373281,plausible,TRUE,none
TIC 157114876,6,14.73148,0.34706,2516,6,14.39,FALSE,1466.249189,3399.150152,2,4.184877222,ok,FALSE,157114876,1.01886,6180,F,0.497315238,5.574356769,plausible,TRUE,none
TIC 156937047,33,5.52737,0.14901,462.4,1.1,4.65,TRUE,310.5025746,522.4880996,5,1.080982852,ok,TRUE,156937047,2.87385,6515,F,0.601360564,6.740590428,plausible,TRUE,none
TIC 232056555,61,19.16894,0.43354,2107.4,1.1,7.31,FALSE,1803.866773,1817.469367,2,0.02966194,ok,TRUE,232056555,6.70222,4760,K,2.994015903,33.55962486,too_large,FALSE,none
TIC 157036559,6,2.40139,0.04006,1229.6,0.5,27.62,FALSE,1260.449703,1257.784813,9,0.011750209,ok,TRUE,157036559,1.57475,7665,A,0.537347806,6.02307782,plausible,TRUE,none
TIC 157082448,6,5.0507,0.12684,828.5,4.8,9.23,FALSE,684.8415329,943.0013481,4,1.149881067,ok,TRUE,157082448,13.503,4779.9,K,3.78214748,42.39371289,too_large,FALSE,none
TIC 157080794,61,23.74598,0.51428,4947.3,1.7,19.7,FALSE,8059.998431,6644.073374,2,4.1672239,ok,FALSE,157080794,26.0219,4090,K,17.81086707,199.6402279,too_large,FALSE,none
TIC 156992485,34,2.78589,0.05626,133.7,1.1,5.58,TRUE,162.9311965,110.0767395,9,1.071547711,ok,TRUE,156992485,2.59316,7614,A,0.291780963,3.270543634,plausible,TRUE,none
TIC 157012282,6,0.85816,0.00076,160943,4.15,3955.01,TRUE,155460.9404,164206.6868,25,1.333168854,ok,TRUE,157012282,3.25277,6836,F,12.69846825,142.3358608,too_large,FALSE,none
TIC 156920202,61,2.27235,0.05233,437.6,3.55,16.37,FALSE,344.4849672,427.0015252,11,1.879521675,ok,TRUE,156920202,10.9587,4830,K,2.230794835,25.00475622,plausible,TRUE,none
TIC 156921135,6,21.76295,0.4749,3328.6,0.5,12.49,FALSE,2765.91834,3511.534545,2,1.397861101,ok,TRUE,156921135,0.926196,5833,G,0.519990777,5.828524625,plausible,TRUE,none
TIC 156990176,33,25.34979,0.49248,1581.7,0.5,5.23,TRUE,1857.143464,1304.376252,2,0.936591575,ok,TRUE,156990176,0.955966,5684,G,0.36996994,4.146956061,plausible,TRUE,none
TIC 156837037,61,0.83182,0.00869,386.6,3.55,8.88,TRUE,791.5131416,1125.240248,31,5.681301939,ok,FALSE,156837037,12.3361,4483,K,2.360319213,26.45658203,plausible,TRUE,none
TIC 232048779,6,1.89313,0.04542,876.7,0.5,4.7,TRUE,848.5744252,905.9201043,12,0.17245044,ok,TRUE,232048779,1.16201,5827,G,0.334809139,3.75284216,plausible,TRUE,none
TIC 232040957,6,3.40476,0.0681,808.5,6,8.92,FALSE,903.0887994,729.7430998,7,0.812299825,ok,TRUE,232040957,10.1213,4915,K,2.800517207,31.39071732,too_large,FALSE,none
TIC 157076530,6,0.86606,0.01415,376.1,0.5,5.01,TRUE,299.2259899,465.7195987,24,1.113410801,ok,TRUE,157076530,1.74643,9811,A,0.329582987,3.694262742,plausible,TRUE,none
TIC 157040128,61,5.22715,0.13281,492.2,2.95,10.86,FALSE,1017.263746,889.8065475,5,1.78076508,ok,TRUE,157040128,8.60553,4762,K,1.857848787,20.82444126,plausible,TRUE,none
TIC 156989589,6,7.19965,0.14506,757.7,1.7,5,TRUE,985.884379,659.4754005,3,0.962174384,ok,TRUE,156989589,0.954775,5333,G,0.25574763,2.866649611,plausible,TRUE,none
TIC 232056264,61,11.92943,0.3565,9871.4,1.7,52.96,FALSE,542.7299997,1547.88353,3,2.967506399,ok,TRUE,232056264,5.07593,4692,K,4.907574882,55.0085161,too_large,FALSE,none
TIC 156886255,6,3.63388,0.10768,957.4,1.7,5.37,TRUE,1211.654475,582.7037677,6,1.857344209,ok,TRUE,156886255,1.81227,6150,F,0.545671848,6.116381176,plausible,TRUE,none
TIC 232038078,6,2.84119,0.05519,681.5,5.4,7.99,FALSE,632.6514071,695.8390216,8,0.337861803,ok,TRUE,232038078,10.2131,4796,K,2.594492681,29.08140901,too_large,FALSE,none
TIC 156887847,61,2.23022,0.04663,938.8,0.5,5.94,TRUE,882.0155511,616.8938522,10,1.188137645,ok,TRUE,156887847,8.19186,4818.2,K,2.442479895,27.37751289,plausible,TRUE,none
TIC 293690542,32,7.29182,0.21238,936.4,0.5,4.78,TRUE,805.6230159,1093.28194,4,0.739713431,ok,TRUE,293690542,2.49303,6359,F,0.742369538,8.321145909,plausible,TRUE,none
TIC 393270169,6,2.0485,0.03067,2419.7,6,73.78,FALSE,2419.944408,2433.466129,11,0.054013447,ok,TRUE,393270169,1.2872,6184,F,0.616153229,6.90639993,plausible,TRUE,none
TIC 232041852,6,5.27455,0.1106,956.6,2.35,6.34,TRUE,844.1610254,1043.957706,4,0.633030213,ok,TRUE,232041852,2.5784,6536,F,0.776028045,8.698420748,plausible,TRUE,none
TIC 293651615,6,4.07104,0.09308,646,2.95,4.84,TRUE,482.7437494,891.3867265,5,1.531522728,ok,TRUE,293651615,0.97943,5499,G,0.242243201,2.715279817,plausible,TRUE,none
TIC 156920934,6,1.98003,0.02486,749.7,1.7,5.59,TRUE,812.0528348,795.2864621,10,0.061483652,ok,TRUE,156920934,1.44384,6168,F,0.38470228,4.312089387,plausible,TRUE,none
TIC 156921120,61,6.94156,0.12533,777,1.7,8.31,FALSE,861.8161816,832.2731014,3,0.192684908,ok,TRUE,156921120,9.53269,4755.7,K,2.585758227,28.98350539,too_large,FALSE,none
TIC 170102096,6,1.93263,0.03459,832.8,0.5,5.27,TRUE,925.6240488,814.5640378,10,0.34718494,ok,TRUE,170102096,2.89138,8658,A,0.811965294,9.101237782,plausible,TRUE,none
TIC 293775986,6,2.67791,0.06057,517.8,1.1,5.08,TRUE,588.1642003,680.1993114,8,0.36597779,ok,TRUE,293775986,1.2815,6025,F,0.283766791,3.180713585,plausible,TRUE,none
TIC 156938062,6,5.05334,0.12818,851,6,8.38,FALSE,730.5743005,918.5617636,5,0.760208033,ok,TRUE,156938062,10.2436,4754.6,K,2.90789906,32.59434977,too_large,FALSE,none
TIC 157114502,6,4.38706,0.12579,673.9,4.15,5.84,TRUE,852.9501461,543.2957631,5,1.276035336,ok,TRUE,157114502,2.77864,5391,G,0.701926998,7.867829531,plausible,TRUE,none
TIC 293694700,6,1.00037,0.02251,223.9,0.5,5,TRUE,255.7814901,236.2945624,21,0.22191941,ok,TRUE,293694700,1.36947,6042,F,0.199407508,2.235138812,plausible,TRUE,none
TIC 232044613,61,3.74448,0.05882,747,2.35,25.67,FALSE,873.0699196,462.4724276,7,7.582003658,ok,FALSE,232044613,9.70646,4996,K,2.581565245,28.93650667,too_large,FALSE,none
TIC 293776982,61,13.24092,0.26924,1842,6,31.34,FALSE,3519.581803,2619.111001,2,7.975851468,ok,FALSE,293776982,107.406,3556,M,44.8575233,502.8034929,too_large_mdwarf,FALSE,none
TIC 232056287,6,2.009,0.03649,310.7,2.35,5.39,TRUE,308.4673396,312.7563588,11,0.037221385,ok,TRUE,232056287,1.4981,5867,G,0.25696464,2.880290956,plausible,TRUE,none
TIC 156937171,6,1.73512,0.02612,207.6,6,7.41,FALSE,199.9496381,217.6552423,12,0.273176654,ok,TRUE,156937171,1.58378,6799,F,0.222060066,2.489049073,plausible,TRUE,none
TIC 157040031,61,17.0279,0.47368,994.4,0.5,5.42,TRUE,1833.074465,938.7742119,2,3.044510288,ok,FALSE,157040031,1.92328,7644,A,0.590180708,6.615276534,plausible,TRUE,none
TIC 156937671,6,0.54477,0.00112,28787.6,6,18.49,TRUE,29596.38245,27269.30866,38,0.823343123,ok,TRUE,156937671,2.93221,9139,A,4.841274813,54.26536525,too_large,FALSE,none
TIC 293648852,6,0.75545,0.00096,859.3,4.15,40.84,TRUE,980.4027823,756.539544,28,1.221438263,ok,TRUE,293648852,1.69911,7432,F,0.484680824,5.432738885,plausible,TRUE,none
TIC 157081408,6,5.15604,0.0917,1915,6,29.59,FALSE,1230.981142,2539.607053,4,4.192126593,ok,FALSE,157081408,1.01744,6111,F,0.433266521,4.856441112,plausible,TRUE,none
TIC 157082637,6,7.14434,0.13765,521.8,6,8.81,FALSE,613.0451367,435.4769625,3,1.201342846,ok,TRUE,157082637,1.37664,6582,F,0.306009111,3.430025525,plausible,TRUE,none
TIC 156989425,6,2.34609,0.05872,566.3,4.15,5.67,TRUE,561.9156043,561.083262,9,0.004112378,ok,TRUE,156989425,8.41055,4984,K,1.947644162,21.83094864,plausible,TRUE,none
TIC 156938033,6,12.33499,0.32416,1048,6,5.63,TRUE,1055.219249,1040.768969,2,0.038356751,ok,TRUE,156938033,7.5164,4684,K,2.367840588,26.54088837,plausible,TRUE,none
TIC 393269997,6,13.06447,0.40612,2526.3,0.5,5.47,TRUE,2288.962553,2765.125818,2,0.55878404,ok,TRUE,393269997,1.77829,6450,F,0.869775125,9.749222396,plausible,TRUE,none
TIC 156884800,6,3.09137,0.06547,651.1,6,14.69,FALSE,777.2567854,538.6331699,7,1.951507388,ok,TRUE,156884800,11.733,4851.6,K,2.913364701,32.65561359,too_large,FALSE,none
TIC 156834219,7,5.05597,0.15084,1163.3,6,14.79,FALSE,1667.98161,791.5505328,5,3.744072758,ok,FALSE,156834219,0.924662,5781,G,0.306895704,3.439963262,plausible,TRUE,none
TIC 157077160,6,5.82495,0.11231,1439.1,2.35,7.35,FALSE,1338.05732,1551.482342,4,0.456317429,ok,TRUE,157077160,8.76105,4652,K,3.234175486,36.25154961,too_large,FALSE,none
TIC 157036549,7,12.83536,0.3788,2154.7,1.1,6.03,TRUE,2677.524341,1392.887072,2,1.708020649,ok,TRUE,157036549,1.61601,6239,F,0.729960542,8.182054725,plausible,TRUE,none
TIC 156937732,61,14.84209,0.41711,995.2,3.55,6.59,TRUE,859.5772545,1008.659615,2,0.623639217,ok,TRUE,156937732,8.06635,4767,K,2.476248249,27.75601899,plausible,TRUE,none
TIC 170156843,6,10.60741,0.17779,1054,4.15,9.72,FALSE,1260.145025,951.0333295,3,1.167658804,ok,TRUE,170156843,11.1082,4606,K,3.509343918,39.33588504,too_large,FALSE,none
TIC 293694985,61,4.65831,0.10859,539,4.15,11.45,FALSE,339.0290031,333.6730398,5,0.083819657,ok,TRUE,293694985,10.0391,4910,K,2.26804203,25.42225631,plausible,TRUE,none
TIC 232055281,6,8.99307,0.17899,534,5.4,6.93,TRUE,549.5672667,525.9694437,3,0.135296212,ok,TRUE,232055281,1.3904,6589,F,0.31266,3.504574671,plausible,TRUE,none
TIC 157078166,61,0.51317,0.00866,236.4,2.35,8.06,TRUE,196.0185687,235.1509209,48,0.930221912,ok,TRUE,157078166,9.46209,4837.6,K,1.415704936,15.86849506,plausible,TRUE,none
TIC 156886596,61,11.95576,0.29475,965.8,5.4,7.58,FALSE,1283.916971,877.7384857,2,2.015980665,ok,TRUE,156886596,19.8339,4780,K,5.998099355,67.23209586,too_large,FALSE,none
TIC 232048937,6,0.53687,0.00012,127092,1.7,2184.16,TRUE,138927.0323,147652.3665,39,0.308632614,ok,TRUE,232048937,1.35311,6422,F,4.694119552,52.61591665,too_large,FALSE,none
TIC 156833436,6,3.84456,0.10197,1603.9,0.5,4.79,TRUE,1733.591412,1412.278535,5,0.483800121,ok,TRUE,156833436,1.4951,5779.8,G,0.582667535,6.531062132,plausible,TRUE,none
TIC 156835051,34,6.63344,0.19552,1391.6,0.5,5.06,TRUE,1326.686853,1130.119089,3,0.407644052,ok,TRUE,156835051,0.923515,5316,G,0.33524561,3.757734516,plausible,TRUE,none
TIC 170104847,6,9.23008,0.22088,1162.3,1.1,4.52,TRUE,1211.925273,1134.534155,3,0.154604115,ok,TRUE,170104847,1.03097,5695,G,0.34203227,3.833805509,plausible,TRUE,none
TIC 157116008,6,12.01897,0.3315,658,6,4.86,TRUE,756.7014807,536.0896957,2,0.87401793,ok,TRUE,157116008,1.87112,6522,F,0.467064139,5.235275223,plausible,TRUE,none
TIC 156887831,61,14.88159,0.35601,810.7,4.15,6.98,TRUE,834.2101572,619.6293439,2,1.185054152,ok,TRUE,156887831,17.0283,4497.5,K,4.718058429,52.88424512,too_large,FALSE,none
TIC 156989673,61,5.54317,0.10163,695.8,4.15,11.56,FALSE,563.4657837,493.2776262,5,0.79485119,ok,TRUE,156989673,20.0461,4331.6,K,5.145576511,57.67625256,too_large,FALSE,none
TIC 156917074,6,2.74375,0.05962,548,1.7,4.89,TRUE,588.5521492,509.9457368,8,0.342398306,ok,TRUE,156917074,1.94093,6381,F,0.442142322,4.955929071,plausible,TRUE,none
TIC 156992889,6,12.56147,0.38861,1644.3,4.15,7.52,FALSE,1482.798787,1590.827133,2,0.205556506,ok,TRUE,156992889,2.67697,5020,K,1.056321132,11.84019794,plausible,TRUE,none
TIC 156883104,6,10.0649,0.23462,842.2,3.55,4.88,TRUE,747.208477,936.9635068,2,0.548889774,ok,TRUE,156883104,1.24952,5634,G,0.352868398,3.955266588,plausible,TRUE,none
TIC 232043802,61,8.54537,0.21285,492.8,4.8,10.93,FALSE,242.0998075,473.348038,3,4.236084913,ok,FALSE,232043802,22.466,4296,K,4.853142458,54.39838849,too_large,FALSE,none
TIC 156920053,61,6.21735,0.13182,1738.3,0.5,5.24,TRUE,1403.051456,1705.26948,4,0.601561562,ok,TRUE,156920053,25.6212,4307,K,10.39498261,116.5163206,too_large,FALSE,none
TIC 232037681,6,3.85772,0.09825,783.7,1.1,4.65,TRUE,761.7417887,808.6751697,6,0.147737335,ok,TRUE,232037681,1.83816,6428,F,0.500749092,5.612846493,plausible,TRUE,none
TIC 232030570,61,8.53484,0.22204,1721.7,0.5,5.62,TRUE,1226.77773,1772.460141,3,1.082390369,ok,TRUE,232030570,39.2617,4263,K,15.85293853,177.6940026,too_large,FALSE,none
TIC 170100667,6,9.33542,0.18374,5052,4.8,15.36,FALSE,4098.066239,4392.762418,2,0.373136545,ok,TRUE,170100667,11.2422,4895,K,7.775796992,87.1581309,too_large,FALSE,none
TIC 293694139,6,6.81515,0.13143,1360.3,0.5,5.47,TRUE,1218.565532,1432.310613,3,0.419765878,ok,TRUE,293694139,2.62988,6437,F,0.943876594,10.57981836,plausible,TRUE,none
TIC 232044466,6,2.80959,0.07391,824.3,1.1,4.6,TRUE,729.2413453,720.3736914,8,0.026292308,ok,TRUE,232044466,1.56276,5842,G,0.436613211,4.893953817,plausible,TRUE,none
TIC 156990021,61,7.59994,0.17497,727.8,2.95,7.71,FALSE,755.7086223,935.5304065,4,1.192037928,ok,TRUE,156990021,11.8986,4678.6,K,3.123660502,35.0127982,too_large,FALSE,none
TIC 293776740,7,7.84222,0.22905,591.6,0.5,5.21,TRUE,611.1331042,581.8955079,3,0.121427929,ok,TRUE,293776740,1.69909,6428,F,0.402154009,4.507704067,plausible,TRUE,none
TIC 232041035,61,23.80392,0.50382,2736.4,1.1,7.94,FALSE,1773.680186,2892.434029,2,2.178836564,ok,TRUE,232041035,28.2592,4490,K,14.38505708,161.2406663,too_large,FALSE,none
TIC 156833743,6,9.39599,0.19521,1912.1,6,12.57,FALSE,1560.296214,1962.132938,2,0.981917742,ok,TRUE,156833743,31.3936,4443,K,13.35852036,149.7343189,too_large,FALSE,none
TIC 232048530,6,1.80885,0.04301,608.9,0.5,4.96,TRUE,506.9216844,723.0207734,11,0.828428694,ok,TRUE,232048530,1.98691,7566,A,0.477104066,5.34781177,plausible,TRUE,none
TIC 293647250,61,3.62861,0.06505,465.4,2.95,14.91,FALSE,368.5759957,514.7904479,7,2.636382355,ok,TRUE,293647250,10.6657,4849.5,K,2.239053594,25.09732782,plausible,TRUE,none
TIC 293777105,61,2.13804,0.03534,560,2.35,6.94,TRUE,182.9317634,853.5972852,12,5.133801411,ok,FALSE,293777105,8.87557,4708,K,2.043864981,22.90947818,plausible,TRUE,none
TIC 293652999,6,2.90703,0.03615,421.2,6,4.71,TRUE,439.9997729,405.8691348,8,0.207594604,ok,TRUE,293652999,1.90674,5418,G,0.380800574,4.268355552,plausible,TRUE,none
TIC 156935406,33,1.66664,0.03958,485.5,1.1,5.81,TRUE,690.8612966,571.8910094,16,0.480315851,ok,TRUE,156935406,1.61199,8432,A,0.345635941,3.874198696,plausible,TRUE,none
TIC 156919832,6,1.33746,0.01391,479.9,1.7,4.91,TRUE,436.9002925,565.5077015,16,0.667466246,ok,TRUE,156919832,1.96327,6425,F,0.418521083,4.691160971,plausible,TRUE,none
TIC 156986592,6,0.61587,0.00049,270.5,2.95,30.07,TRUE,298.8493879,240.7212962,33,2.75198967,ok,TRUE,156986592,1.87459,9994,A,0.300021146,3.362907028,plausible,TRUE,none
TIC 232048608,6,4.32385,0.0791,888.2,2.35,5.55,TRUE,1006.698258,756.1404062,4,0.732641352,ok,TRUE,232048608,1.3158,4400.8,K,0.381598977,4.277304776,plausible,TRUE,none
TIC 157078037,61,10.35986,0.27093,826,2.35,5.47,TRUE,862.9866337,879.7572749,2,0.073465405,ok,TRUE,157078037,22.4685,4379.7,K,6.28385332,70.43508348,too_large,FALSE,none
TIC 156917139,61,16.83829,0.44263,4793.9,1.1,19.33,FALSE,54820.17799,154.0578672,2,84.2961712,ok,FALSE,156917139,12.6089,4425.8,K,8.495395873,95.2240428,too_large,FALSE,none
TIC 393269673,6,5.32459,0.1525,1308.2,6,16.49,FALSE,1663.105887,936.5556969,4,2.351799301,ok,TRUE,393269673,0.800746,5205,G,0.28183426,3.159052042,plausible,TRUE,none
TIC 157114798,6,2.80959,0.05355,965.8,0.5,4.66,TRUE,770.4334046,1112.253432,7,0.822307499,ok,TRUE,157114798,1.93997,5951,G,0.586679009,6.576026349,plausible,TRUE,none
TIC 157081414,6,3.01237,0.06892,533.6,0.5,5.2,TRUE,459.4363439,651.5254624,7,0.914313749,ok,TRUE,157081414,1.11033,5867,G,0.249586977,2.797595462,plausible,TRUE,none
TIC 157012627,6,17.16748,0.44968,1869.9,6,19.93,FALSE,1853.761977,1832.149469,2,0.070623865,ok,TRUE,157012627,21.9828,4453,K,9.250264159,103.6852859,too_large,FALSE,none
TIC 157082155,6,5.23505,0.13642,1233.7,0.5,4.62,TRUE,1163.660909,1281.690827,5,0.225832281,ok,TRUE,157082155,1.59122,5749,G,0.543872308,6.096210313,plausible,TRUE,none
TIC 232037582,61,10.27295,0.20768,1143.8,0.5,6.02,TRUE,1295.703263,991.6602606,2,0.781891384,ok,TRUE,232037582,4.44895,5016.3,K,1.464180122,16.41184857,plausible,TRUE,none
TIC 293690100,61,0.91609,0.02091,482.8,0.5,5.29,TRUE,516.4610306,430.175365,27,0.616623815,ok,TRUE,293690100,41.6618,4128,K,8.908069485,99.84966005,too_large,FALSE,none
TIC 232048423,61,8.68231,0.2478,866,3.55,8.62,FALSE,857.068616,500.6582391,3,2.455488741,ok,TRUE,232048423,11.6964,4725,K,3.349446873,37.54361505,too_large,FALSE,none
TIC 156989562,61,1.17945,0.03048,599.8,0.5,4.9,TRUE,457.8207954,576.6148639,21,0.648998279,ok,TRUE,156989562,41.5325,4599,K,9.898131972,110.9471715,too_large,FALSE,none
TIC 157008328,6,11.89783,0.30434,2313.4,3.55,8.86,FALSE,1561.166898,2563.473911,2,1.180181302,ok,TRUE,157008328,0.929022,5235,G,0.434823793,4.873896409,plausible,TRUE,none
TIC 393270244,61,3.66284,0.07801,638.2,2.35,7.25,FALSE,438.0645017,546.686117,7,0.913170114,ok,TRUE,393270244,11.556,4842,K,2.840847158,31.84277171,too_large,FALSE,none
TIC 157114869,6,14.91846,0.47024,1437.3,6,14.23,FALSE,973.8035079,1736.493553,2,2.689695137,ok,TRUE,157114869,45.6638,4055,K,16.84642286,188.8298692,too_large,FALSE,none
TIC 156935097,6,13.10397,0.28167,1062.8,6,12.54,FALSE,967.1097084,887.0637837,2,0.403622121,ok,TRUE,156935097,15.4951,4819.9,K,4.915662889,55.09917376,too_large,FALSE,none
TIC 293775825,61,9.60141,0.15363,710,2.95,11.45,FALSE,567.2058245,740.837915,3,1.646559298,ok,TRUE,293775825,10.4877,4793,K,2.719389183,30.48136142,too_large,FALSE,none
TIC 393270419,61,5.96716,0.1598,763.6,1.1,7.57,FALSE,754.7639196,135.1305071,5,5.046974393,ok,FALSE,393270419,8.47701,5267.7,G,2.279489473,25.55056955,plausible,TRUE,none
TIC 156918228,34,13.22512,0.31039,116444.9,0.5,1343.88,TRUE,113878.8641,119023.2633,2,24.80005399,ok,FALSE,156918228,60.3172,3928,K,200.2918807,2245.051662,too_large,FALSE,none
TIC 156935123,6,7.82379,0.23074,1708,6,108.54,FALSE,1500.481566,1790.527801,3,0.881816165,ok,TRUE,156935123,31.3813,4158,K,12.62050692,141.462,too_large,FALSE,none
TIC 156833765,61,6.27529,0.1613,806.1,2.35,8.86,FALSE,977.2392379,562.4921913,4,3.324353469,ok,FALSE,156833765,14.2993,4540.8,K,3.950673815,44.28270772,too_large,FALSE,none
TIC 170161615,6,2.5594,0.04918,1225.8,0.5,5.15,TRUE,1056.135321,1519.801515,8,1.041683002,ok,TRUE,170161615,3.41512,6880,F,1.16353034,13.04189523,plausible,TRUE,none
TIC 157008701,61,2.0406,0.04762,498.6,1.7,8.45,FALSE,481.0789199,280.7477895,13,2.272884076,ok,TRUE,157008701,8.03043,4744.9,K,1.744925436,19.55869472,plausible,TRUE,none
TIC 157013241,33,1.56394,0.00981,4529.4,6,60.97,TRUE,4805.71191,4457.929033,16,1.200040122,ok,TRUE,157013241,9.45395,4975,K,6.191495684,69.39985597,too_large,FALSE,none
TIC 293648160,33,0.77915,0.00015,3330.8,0.5,22.23,FALSE,7931.232299,2659.909773,31,10.35378163,ok,FALSE,293648160,2.04809,7821,A,1.150231483,12.89282967,plausible,TRUE,none
TIC 156988842,6,3.71288,0.0951,642.7,4.8,5.33,TRUE,570.2810189,666.8448762,5,0.375538259,ok,TRUE,156988842,8.51644,4491.8,K,2.100990925,23.54979718,plausible,TRUE,none
TIC 156917138,6,6.06987,0.17283,1091.8,1.1,4.55,TRUE,1390.98875,794.4359245,4,1.31234437,ok,TRUE,156917138,1.82618,6702,F,0.587187853,6.581729923,plausible,TRUE,none
TIC 157080766,33,1.25055,0.02047,4623.6,0.5,87.33,FALSE,4238.204409,3570.081463,20,3.537260323,ok,FALSE,157080766,2.96624,7291,F,1.96272001,21.99993232,plausible,TRUE,none
TIC 157008618,6,14.29432,0.27848,2062,6,22.49,FALSE,2204.609375,1893.486602,2,0.732571761,ok,TRUE,157008618,0.858442,5679,G,0.379330029,4.251872357,plausible,TRUE,none
TIC 232030325,6,3.29942,0.07817,1138.7,0.5,4.68,TRUE,1075.235526,1185.708976,7,0.225377034,ok,TRUE,232030325,1.46065,6307,F,0.479637089,5.376204172,plausible,TRUE,none
TIC 170105302,34,11.94786,0.26527,386.1,2.35,7.34,FALSE,291.5559599,467.6382032,2,1.586220699,ok,TRUE,170105302,22.2406,4407.1,K,4.252637218,47.66738531,too_large,FALSE,none
TIC 157082446,6,4.19481,0.05937,978.7,3.55,7.41,FALSE,983.5190383,969.5908528,5,0.052522855,ok,TRUE,157082446,3.10015,6609,F,0.943777104,10.57870318,plausible,TRUE,none
TIC 156886108,6,3.35209,0.07749,328.3,6,9.7,FALSE,343.9793229,286.3498571,7,0.725558909,ok,TRUE,156886108,0.858907,5158.9,K,0.151441018,1.697487222,plausible,TRUE,none
TIC 156933802,6,3.15458,0.06282,2740.9,6,30.18,FALSE,2627.612667,2705.431462,7,0.179641261,ok,TRUE,156933802,12.0056,4861,K,6.116351002,68.55756674,too_large,FALSE,none
TIC 293693720,6,4.80315,0.09902,508.3,3.55,4.36,TRUE,553.3665101,466.828518,4,0.376367252,ok,TRUE,293693720,0.912236,5838,G,0.200137835,2.243324978,plausible,TRUE,none
TIC 232050963,61,11.63974,0.3037,893.1,1.7,6.44,TRUE,852.1377537,792.9037071,2,0.278657888,ok,TRUE,232050963,7.39464,4657.58,K,2.150448349,24.1041605,plausible,TRUE,none
TIC 232035006,6,1.15574,0.02364,499.4,0.5,5.24,TRUE,518.9382572,505.1259158,18,0.071213891,ok,TRUE,232035006,0.861556,5594,G,0.18735691,2.100064872,plausible,TRUE,none
TIC 232040639,61,6.28582,0.13897,1097.1,0.5,5.43,TRUE,-172.4521767,15289.88114,4,45.47444708,ok,FALSE,232040639,5.65606,5036,K,1.823051977,20.4344073,plausible,TRUE,none
TIC 157114395,6,5.52737,0.08032,860.8,6,7.78,FALSE,783.0402993,871.1235182,4,0.405022926,ok,TRUE,157114395,9.12912,4573,K,2.606405483,29.21493841,too_large,FALSE,none
TIC 157040402,6,3.17301,0.03275,668.4,2.35,4.96,TRUE,764.0186302,557.9761482,6,0.772413242,ok,TRUE,157040402,1.62992,6519,F,0.410059091,4.596311349,plausible,TRUE,none
TIC 157040828,6,3.0545,0.06238,612.5,6,5.8,TRUE,841.3247233,372.0161094,7,2.422701803,ok,TRUE,157040828,6.23855,4769,K,1.502445206,16.84075807,plausible,TRUE,none
TIC 157114744,6,0.92136,0.00026,70037.4,4.15,4981.71,TRUE,71184.36262,72064.64651,23,0.079655815,ok,TRUE,157114744,3.63676,7311,F,9.365728951,104.9795192,too_large,FALSE,none
TIC 156837081,61,0.50527,0.01014,278.5,4.8,10.21,TRUE,56.49471449,419.5025824,51,10.13418538,ok,FALSE,156837081,15.4678,4676,K,2.511904265,28.15568371,too_large,FALSE,none
TIC 232037977,6,10.37566,0.28444,841.8,1.7,5.24,TRUE,785.2840818,898.3312058,2,0.337289612,ok,TRUE,232037977,1.57787,6003,F,0.445489647,4.9934489,plausible,TRUE,none
TIC 156917197,6,19.79045,0.49529,1850.6,0.5,5.31,TRUE,1554.488448,2146.478755,2,0.850009931,ok,TRUE,156917197,1.81022,6405,F,0.757791227,8.494006088,plausible,TRUE,none
TIC 232044092,6,4.21851,0.0916,1720.4,0.5,4.89,TRUE,1466.798474,1973.476113,4,0.767675044,ok,TRUE,232044092,1.02265,6269,F,0.41276577,4.626650244,plausible,TRUE,none
TIC 393270512,61,11.92416,0.34009,10406.1,1.1,22.41,FALSE,1748.037326,3097.253809,3,2.591731429,ok,TRUE,393270512,8.4427,4694,K,8.380835002,93.93994145,too_large,FALSE,none
TIC 293648423,61,17.84166,0.44735,874.6,2.35,5.81,TRUE,1234.362089,1071.846986,2,0.392249493,ok,TRUE,293648423,2.96761,5102,K,0.85403073,9.57274505,plausible,TRUE,none
TIC 156886253,61,17.5388,0.49558,989.9,1.1,4.96,TRUE,441.5008111,1850.952332,2,4.827506921,ok,FALSE,156886253,34.5349,4073,K,10.57342771,118.5164939,too_large,FALSE,none
TIC 156886311,6,5.53264,0.08062,343.1,6,5.38,TRUE,334.5043082,363.2986675,4,0.234502293,ok,TRUE,156886311,1.46507,6618,F,0.264077056,2.960013315,plausible,TRUE,none
TIC 293653463,61,2.89123,0.05868,356.5,4.15,6.69,TRUE,351.8889499,311.3538898,9,0.520057297,ok,TRUE,293653463,19.3195,4440.1,K,3.549666771,39.78785987,too_large,FALSE,none
TIC 156990292,7,13.06184,0.31698,797.2,2.35,17.07,FALSE,738.0914693,811.4774956,2,0.418848973,ok,TRUE,156990292,1.56282,6775,F,0.429392585,4.813018551,plausible,TRUE,none
TIC 157036108,33,19.65878,0.37386,682,1.7,6.31,TRUE,527.3241391,820.660612,2,1.374483727,ok,TRUE,157036108,2.55882,6269,F,0.650270211,7.288813769,plausible,TRUE,none
TIC 156990402,6,17.16221,0.47893,662,1.1,4.6,TRUE,712.7726043,618.324001,2,0.330933394,ok,TRUE,156990402,1.06918,6402,F,0.267695923,3.000576828,plausible,TRUE,none
TIC 156992469,6,1.98267,0.04382,497.7,1.1,5.66,TRUE,348.4414571,622.2012382,10,1.53766191,ok,TRUE,156992469,1.14665,5499,G,0.248929652,2.790227572,plausible,TRUE,none
TIC 156993074,6,1.83782,0.02835,399.3,4.15,5.67,TRUE,433.8183178,397.8686043,11,0.254769393,ok,TRUE,156993074,1.39385,6700,F,0.271036406,3.038019973,plausible,TRUE,none
TIC 293648088,6,11.60551,0.3135,1780.3,6,10.37,FALSE,1998.958593,1333.35071,2,1.696267455,ok,TRUE,293648088,13.796,4609,K,5.664501774,63.49283394,too_large,FALSE,none
TIC 156934928,6,1.52707,0.00483,274286.5,6,141.44,TRUE,72322.22371,81602.00152,14,9.448460248,ok,FALSE,156934928,11.7768,4629,K,60.01937264,672.751146,too_large,FALSE,none
TIC 156887007,6,1.08464,0.00833,312.5,6,9.95,TRUE,339.3977706,261.0144446,19,1.302585382,ok,TRUE,156887007,1.45273,6805,F,0.24990322,2.801140199,plausible,TRUE,none
TIC 232034385,6,15.08437,0.41329,575.3,3.55,5.87,TRUE,631.7708643,525.297853,2,0.535011895,ok,TRUE,232034385,1.92379,6417,F,0.449021137,5.033033025,plausible,TRUE,none
TIC 157015048,61,0.52107,0.00628,252.4,6,7.16,TRUE,240.3789231,284.9690599,49,0.917956115,ok,TRUE,157015048,10.5019,4807,K,1.623582978,18.19857924,plausible,TRUE,none
TIC 232044167,6,5.11654,0.09624,435.1,6,5.87,TRUE,380.1385086,393.7213648,4,0.093489859,ok,TRUE,232044167,2.17255,6482,F,0.440987478,4.942984539,plausible,TRUE,none
TIC 293647102,61,16.36426,0.32518,976.8,2.95,9.46,FALSE,1026.31476,868.8921162,2,0.959076301,ok,TRUE,293647102,10.2008,4787.1,K,3.102408587,34.77458761,too_large,FALSE,none
TIC 232051328,61,4.12107,0.0995,924.3,2.95,10.38,FALSE,921.2150248,395.3704942,7,4.278608573,ok,FALSE,232051328,10.197,4829,K,3.016760489,33.81456664,too_large,FALSE,none
TIC 157039652,6,0.75282,0.00157,4375.2,3.55,83.82,TRUE,4500.270685,4266.139244,27,0.349696431,ok,TRUE,157039652,1.56138,7386,F,1.005007963,11.26503376,plausible,TRUE,none
TIC 157115007,6,8.70865,0.23204,1149.3,5.4,14.71,FALSE,1211.846653,974.7768185,2,1.060414028,ok,TRUE,157115007,11.3091,4876,K,3.730840505,41.81861814,too_large,FALSE,none
TIC 156937668,61,11.57654,0.32087,707.4,3.55,17.04,FALSE,790.2195557,655.0651179,2,1.811249788,ok,TRUE,156937668,8.99973,5384,G,2.329292046,26.10880162,plausible,TRUE,none
TIC 156834916,33,1.77989,0.01328,7361.4,6,27.09,FALSE,7298.365827,7855.016793,14,0.91242354,ok,TRUE,156834916,11.061,4729,K,9.234992271,103.5141049,too_large,FALSE,none
TIC 156834329,33,6.79145,0.14612,1478.7,0.5,5.78,TRUE,1739.910069,1216.625429,4,1.062861794,ok,TRUE,156834329,1.28482,6024,F,0.480777639,5.388988477,plausible,TRUE,none
TIC 232051607,6,2.83592,0.05759,606.8,1.7,5.02,TRUE,648.2193629,605.0074891,7,0.175555689,ok,TRUE,232051607,1.36133,5687,G,0.32632334,3.657725681,plausible,TRUE,none
Kepler-528,40,8.25305,0.21041,10031.3,1.1,5.58,TRUE,12167.04542474223,7787.516274248674,3,1.1138912976466668,ok,TRUE,271877640,12.8219,4566.1,K,12.496630544635511,140.07348211176497,too_large,FALSE,confirmed
TOI-5076,70,5.58267,0.13242,439.2,0.5,3.73,TRUE,388.5303892949832,389.27516939735176,4,0.004146289,ok,TRUE,303432813,0.850313,4794.37,K,0.1734091143149787,1.943725421445165,plausible,TRUE,confirmed
TOI-2580,59,3.39686,0.00085,2841.2,4.15,48.09,FALSE,2338.707518500738,3115.0703818193515,7,6.462575571169161,ok,FALSE,102713734,1.82904,6590,F,0.9487156000103114,10.634058288955579,plausible,TRUE,confirmed
Kepler-1254,80,11.90309,0.31842,14136.2,1.7,5.59,TRUE,22918.020924050154,14694.819696530414,2,1.3454987627944115,ok,TRUE,48506710,0.718755,4898.13,K,0.831589802,9.321206932900113,plausible,TRUE,confirmed
TOI-1410,16,1.21631,0.00011,1082.3,1.1,21.18,FALSE,1065.1156906447134,1156.406971290158,16,0.8567016853146348,ok,TRUE,199444169,0.778749,4507,K,0.24930630770729176,2.7944494724602627,plausible,TRUE,confirmed
Kepler-224,80,6.42276,0.16333,23983.7,0.5,4.83,TRUE,31830.352045068787,21008.39777451735,5,1.113406910988078,ok,TRUE,159642170,1.49325,6106,F,2.250362854395019,25.22409219862833,plausible,TRUE,confirmed
Kepler-1546,41,4.29489,0.11983,15075.4,1.1,4.94,TRUE,21128.18721442411,9905.524446,6,1.979628148574664,ok,TRUE,169466741,44.9165,4174,K,53.666375530281016,601.5410366813669,too_large,FALSE,confirmed
Kepler-1788,40,14.62087,0.40759,21541.6,1.7,6.75,TRUE,23073.35782788178,19383.87605356451,2,0.6250439497276365,ok,TRUE,159646443,0.860579,5792.04,G,1.2291125648176435,13.776999827784485,plausible,TRUE,confirmed
TOI-2133,25,3.82612,0.04872,809.8,1.7,6.95,TRUE,812.0251259327027,823.1380545998812,5,0.049359245,ok,TRUE,39200363,0.716312,4175,K,0.19835951990123363,2.2233920226209376,plausible,TRUE,confirmed
Kepler-1733,74,7.0706,0.16277,19574.2,0.5,3.51,TRUE,17039.571130752163,17587.86067691176,3,0.061832841,ok,TRUE,122781772,1.6388,6611,F,2.231155819074227,25.00880246,plausible,TRUE,confirmed
Kepler-145,40,1.82465,0.03909,571.7,1.1,5.01,TRUE,375.8759947679602,747.9303898388912,16,1.6410218713458173,ok,TRUE,159721114,1.24901,5734.43,G,0.29061093192041676,3.2574288748027596,plausible,TRUE,confirmed
Kepler-1133,81,7.75532,0.21561,15538.2,0.5,5.04,TRUE,16193.367055853947,15458.367466953172,3,0.12039555565458311,ok,TRUE,275569800,2.27274,6263,F,2.7568430672097874,30.901178256047785,too_large,FALSE,confirmed
TOI-913,12,11.09987,0.21398,534.6,2.95,8.13,FALSE,538.2973578745842,492.7753910652921,2,0.34332160559539004,ok,TRUE,407126408,0.732535,4969,K,0.1648180579502213,1.8474291297582357,plausible,TRUE,confirmed
TOI-444,4,17.9628,0.35784,549.5,3.55,12.73,FALSE,514.1442335,565.8460040858238,2,0.5670674461509388,ok,TRUE,179034327,0.794471,5091,K,0.18122738880454672,2.0313596783712837,plausible,TRUE,confirmed
EPIC 211822797,44,3.64968,0.11651,5378,0.5,4.17,TRUE,4445.079281628517,6621.299161,5,0.8978171802803769,ok,TRUE,337632006,0.597044,3811,K,0.4260677597960758,4.775750912778234,plausible,TRUE,confirmed
TOI-4640,42,2.68845,0.03877,448.3,1.7,4.61,TRUE,365.4254506803012,558.6707933583623,7,1.0208229398794149,ok,TRUE,337216118,1.06715,5978,G,0.2198729349994565,2.464533741115408,plausible,TRUE,confirmed
POTS-1,11,20.19075,0.60801,627817.6,0.5,4.29,TRUE,616323.6969,644251.0109158341,2,0.094472731,ok,TRUE,341694198,41.5949,3792,K,320.71462388179657,3594.8581476286695,too_large,FALSE,confirmed
TOI-4860,63,1.5218,0.00019,35071.9,1.1,57.33,TRUE,33235.44895693409,38645.71872716404,16,4.744908085467919,ok,FALSE,335590096,0.352907,3237,M,0.6431345712490247,7.208831095673193,plausible,TRUE,confirmed
K2-332,44,1.99583,0.04167,18264.2,0.5,4.45,TRUE,22046.103210035417,20364.999724551304,11,0.22233339013701459,ok,TRUE,330621493,1.3584,6212.06,F,1.7864461747473874,20.02409652812599,plausible,TRUE,confirmed
K2-85,42,7.65788,0.21407,1558.8,0.5,4.3,TRUE,1710.6216192703805,1493.5665628067475,3,0.2965376014420512,ok,TRUE,14160842,0.734112,4222,K,0.282045683,3.1614218600711697,plausible,TRUE,confirmed
TOI-5713,16,8.06607,0.22275,2908.2,1.1,5.5,TRUE,3406.548440530788,2901.490371266524,3,0.4649417995515829,ok,TRUE,219041246,0.292425,3271,M,0.15345765914944717,1.7200915556402383,plausible,TRUE,confirmed
Kepler-1919,74,8.67705,0.23201,28756.7,0.5,5.06,TRUE,30720.96566484994,26465.302191505445,4,0.3934423337940281,ok,TRUE,164459889,1.16022,6187,F,1.914572455414697,21.460251195497797,plausible,TRUE,confirmed
Kepler-10,14,20.25658,0.57909,1213,0.5,4.84,TRUE,1079.6220915474387,1041.0676444361222,2,0.093187272,ok,TRUE,377780790,1.08974,5706,G,0.36933054625617706,4.139789159930863,plausible,TRUE,confirmed
K2-266,35,12.16644,0.34927,1319.7,0.5,4.82,TRUE,1026.4146427140242,1283.5528012178354,2,0.5045718724201339,ok,TRUE,374180079,0.733789,4362,K,0.2594004594544341,2.907593809978806,plausible,TRUE,confirmed
K2-191,91,2.20651,0.05552,2023.3,0.5,4.17,TRUE,1535.8453280629458,2400.1925211385446,6,0.9152832923293303,ok,TRUE,335102224,0.891502,5012,K,0.3902243789573302,4.373986041294819,plausible,TRUE,confirmed
K2-209,42,11.39483,0.35514,1259.4,0.5,6.23,TRUE,1350.3675851992414,1166.2121500242151,2,0.4615994087398436,ok,TRUE,257436461,0.77733,4689,K,0.2684412231783002,3.0089308264832493,plausible,TRUE,confirmed
K2-282,42,7.40243,0.14828,5946.4,0.5,4.36,TRUE,6380.312920532982,4285.771637192126,4,0.9692792253248755,ok,TRUE,266030192,0.966996,5317,G,0.7256273992355121,8.133484955290932,plausible,TRUE,confirmed
Kepler-1763,74,14.28905,0.51104,9085.6,0.5,4.47,TRUE,8128.085558,10071.33073,2,0.592848884,ok,TRUE,138575130,1.96563,7007,F,1.823226035,20.4363583,plausible,TRUE,confirmed
TOI-7008,15,0.83972,0.00054,2396.3,1.1,8.39,FALSE,2457.465736,2207.312138,29,0.697862728,ok,TRUE,335661164,0.95255,5170,K,0.453753837,5.086081387,plausible,TRUE,confirmed
Kepler-240,-1,7.93176,0.13773,726,2.95,7.73,FALSE,106.5111114,150.5467246,185,2.002954517,ok,TRUE,122712430,1.04078,5409,G,0.272890982,3.058807727,plausible,TRUE,confirmed
Kepler-899,-1,19.14524,0.45475,616.5,6,6.58,TRUE,215.7085262,275.2412263,76,2.656534419,ok,TRUE,169557708,10.8548,4440.58,K,2.62271018,29.39769614,too_large,FALSE,confirmed
TOI-4582,40,4.57931,0.12686,710,0.5,4.99,TRUE,666.3625122,812.7874227,6,0.52284111,ok,TRUE,219854519,2.56935,5234,G,0.666214956,7.467536825,plausible,TRUE,confirmed
WASP-15,11,3.75238,0.02203,5282.2,3.55,83.17,FALSE,5887.524236,4430.368229,4,11.04651587,ok,FALSE,111991770,1.50321,6169,F,1.063136459,11.91659026,plausible,TRUE,confirmed
WASP-183,35,4.11054,0.03486,3032.4,1.1,8.73,FALSE,2571.925859,3313.978693,5,1.406013721,ok,TRUE,14344979,0.916164,5424.82,G,0.490939982,5.50289716,plausible,TRUE,confirmed
KIC 9663113,74,17.93646,0.45669,9290.6,0.5,4.59,TRUE,8457.828086,11333.51585,2,0.727614594,ok,TRUE,272844987,2.21562,6117.21,F,2.078160536,23.29389364,plausible,TRUE,confirmed
K2-60,42,3.00183,0.00944,2271.4,2.95,11.26,FALSE,2414.472056,2150.645809,4,0.594413015,ok,TRUE,206284138,11.0144,4671,K,5.10821997,57.25752682,too_large,FALSE,confirmed
Kepler-220,40,3.4864,0.09046,2181.2,0.5,4.9,TRUE,2621.487545,1647.577729,6,1.022206261,ok,TRUE,159759307,10.7359,4698.13,K,4.879194577,54.69040409,too_large,FALSE,confirmed
Kepler-1887,82,4.65304,0.14997,30757.3,0.5,4.37,TRUE,29609.39338,31461.86734,6,0.146676906,ok,TRUE,158844016,2.86656,4764,K,4.892119717,54.8352807,too_large,FALSE,confirmed
TOI-5232,74,4.10001,0.00616,2037.6,4.15,11.99,FALSE,2160.565565,1944.367177,5,0.663193857,ok,TRUE,69356857,1.74116,6212,F,0.764821491,8.572807613,plausible,TRUE,confirmed
EPIC 206024342,42,22.85059,0.37173,8216.4,0.5,7.71,FALSE,5406.000982,10884.17723,2,2.919403779,ok,TRUE,75266189,0.847822,5759,G,0.747837785,8.382438947,plausible,TRUE,confirmed
Kepler-1844,74,1.95633,0.04263,26185,0.5,4.93,TRUE,28765.48075,25878.70446,13,0.298477108,ok,TRUE,137685684,2.29618,6222,F,3.615714697,40.52818446,too_large,FALSE,confirmed
Kepler-474,74,6.84149,0.156,4712.3,0.5,4.76,TRUE,5706.02558,3669.822881,4,1.054666223,ok,TRUE,63210399,12.2233,4488,K,8.165200849,91.5229198,too_large,FALSE,confirmed
TOI-2158,40,8.60067,0.12411,2322.8,2.95,32.36,FALSE,1888.045888,2517.796312,3,4.066788039,ok,FALSE,342642208,1.49636,5389,G,0.701784763,7.866235228,plausible,TRUE,confirmed
K2-203,30,17.59674,0.60826,1658,0.5,3.94,TRUE,1441.415682,1468.629069,2,0.041384917,ok,TRUE,333605244,0.762865,5028,K,0.302274763,3.388167586,plausible,TRUE,confirmed
Kepler-648,80,4.78209,0.12706,5450.8,0.5,4.95,TRUE,4406.311801,8669.713741,5,2.156196127,ok,TRUE,164560223,0.979904,5654.78,G,0.70400475,7.891118847,plausible,TRUE,confirmed
TOI-238,2,1.27162,0.00925,329.3,1.1,8.54,FALSE,282.3683567,416.3119355,21,1.753195742,ok,TRUE,9006668,0.766028,5029,K,0.135270298,1.516231238,plausible,TRUE,confirmed
HD 39091,1,6.26738,0.02487,172.7,2.95,40,FALSE,151.8391133,179.1985956,5,2.357392563,ok,TRUE,261136679,1.14889,5992.1,G,0.146921906,1.646832952,plausible,TRUE,confirmed
K2-294,42,4.23695,0.09229,1544.1,1.1,4.69,TRUE,2565.089632,1793.84463,3,0.900540494,ok,TRUE,49709169,1.16458,5652,G,0.445316692,4.991510271,plausible,TRUE,confirmed
Kepler-1075,80,3.65758,0.11236,13687.4,0.5,4.77,TRUE,14094.2486,12664.15398,5,0.272341593,ok,TRUE,158488738,0.79342,5168.6,K,0.903286582,10.12484897,plausible,TRUE,confirmed
K2-184,44,18.41576,0.58138,423.4,1.7,5.13,TRUE,352.8751035,482.3981481,2,0.767107883,ok,TRUE,21244210,0.767142,5237.31,G,0.153607748,1.721773889,plausible,TRUE,confirmed
Kepler-624,40,11.16044,0.30806,7984.8,0.5,4.63,TRUE,8796.792089,7218.132435,2,0.481915919,ok,TRUE,138972782,1.08336,6077,F,0.942034381,10.55916917,plausible,TRUE,confirmed
Kepler-1686,74,11.83726,0.3296,9073.9,0.5,4.69,TRUE,8639.076448,9453.145412,2,0.230255068,ok,TRUE,159768603,12.06,4465.95,K,11.17908447,125.3052399,too_large,FALSE,confirmed
HAT-P-30,7,2.80959,0.0003,8803.6,1.7,180.13,FALSE,8621.98959,8878.854852,8,2.562262958,ok,TRUE,455135327,1.34004,6338,F,1.223516551,13.71427467,plausible,TRUE,confirmed
TOI-7384,87,6.23315,0.06035,10682.1,1.1,8.58,FALSE,10498.36393,10657.89882,4,0.067865529,ok,TRUE,192833836,0.313932,3211,M,0.315737265,3.539067424,plausible,TRUE,confirmed
Kepler-508,14,7.85012,0.21763,1696,0.5,5.08,TRUE,1488.999658,1795.238317,3,0.43769788,ok,TRUE,271671025,1.20831,6203.12,F,0.484231714,5.427704856,plausible,TRUE,confirmed
TOI-1824,21,18.30779,0.471,495.1,3.55,6.07,TRUE,913.3993075,489.0260269,2,0.674970724,ok,TRUE,142387023,0.824468,5182,K,0.178518078,2.000991286,plausible,TRUE,confirmed
K2-213,42,4.21325,0.12267,1807.9,0.5,4.64,TRUE,2431.093841,1395.355358,4,1.397029176,ok,TRUE,257435562,1.32106,5821,G,0.546602584,6.126813709,plausible,TRUE,confirmed
Kepler-708,-1,3.16774,0.01252,799.9,1.7,11.41,FALSE,630.2198384,632.3075085,481,0.117949786,ok,TRUE,270706748,1.84069,6088,F,0.506594461,5.678366652,plausible,TRUE,confirmed
Kepler-881,80,4.70045,0.11895,23077.6,0.5,4.67,TRUE,24831.05772,23937.84535,4,0.096094039,ok,TRUE,158936214,5.77966,4856,K,8.543966704,95.76846839,too_large,FALSE,confirmed
Kepler-1386,74,16.42483,0.47822,15333.5,0.5,5.09,TRUE,16973.59317,15131.22367,2,0.350148549,ok,TRUE,123201193,1.08793,5562,G,1.310942179,14.69421979,plausible,TRUE,confirmed
Kepler-1994,41,10.0491,0.27332,1616.1,0.5,4.23,TRUE,1681.058711,1436.657594,2,0.421460728,ok,TRUE,273043474,1.11473,5337.39,G,0.436079569,4.887972282,plausible,TRUE,confirmed
BD+05 4868 A,55,1.27162,0.00056,7485.1,3.55,414.37,FALSE,8610.59991,6520.671069,14,19.52863977,ok,FALSE,466376085,0.700493,4617,K,0.589745368,6.610396858,plausible,TRUE,confirmed
Kepler-320,74,2.40403,0.00069,18055.8,4.8,71.55,FALSE,15372.9029,21051.89549,10,11.0490006,ok,FALSE,275575528,1.54785,5570.65,G,2.023947182,22.68622157,plausible,TRUE,confirmed
Kepler-1850,40,0.58954,0.0002,8974.2,2.35,46.1,TRUE,9123.469302,9209.415889,46,0.17436853,ok,TRUE,158389968,22.6334,4165.07,K,20.86457805,233.8689689,too_large,FALSE,confirmed
TOI-6716,7,0.57901,0.0155,358,6,6.33,TRUE,375.5116255,391.3131815,41,0.17114814,ok,TRUE,112115898,0.226654,3190,M,0.041731773,0.467767271,plausible,TRUE,confirmed
TOI-4201,87,3.58121,0.00211,21710.5,1.7,38.02,FALSE,24204.67816,20103.95224,6,3.545609953,ok,FALSE,95057862,5.70707,4881,K,8.18295283,91.72189997,too_large,FALSE,confirmed
TOI-4561,1,15.50047,0.43051,1415.1,0.5,4.55,TRUE,1527.698575,1312.448516,2,0.367980597,ok,TRUE,33716474,0.851957,5631,G,0.311869696,3.495716233,plausible,TRUE,confirmed
K2-280,92,4.0605,0.12064,1830.6,0.5,4.79,TRUE,2104.041878,1730.034278,5,0.504910942,ok,TRUE,119605900,1.31021,5556,G,0.545506054,6.114522803,plausible,TRUE,confirmed
Kepler-846,80,5.41939,0.13314,18051.4,1.7,4.53,TRUE,17907.92189,19896.9371,3,0.255390404,ok,TRUE,399911493,4.08882,4948,K,5.345832817,59.92090546,too_large,FALSE,confirmed
TOI-2406,30,3.07821,0.02476,14281.1,1.1,10.32,FALSE,14724.80922,14963.86,8,0.094756801,ok,TRUE,212957629,0.1966,3163,M,0.228626348,2.562649872,plausible,TRUE,confirmed
Kepler-131,40,2.27762,0.05496,496.7,0.5,3.95,TRUE,492.6116362,411.40595,12,0.426797259,ok,TRUE,121660708,1.03161,5755,G,0.223730173,2.507769139,plausible,TRUE,confirmed
K2-193,91,13.55167,0.35371,4760.9,0.5,4.75,TRUE,3703.955369,4482.180531,2,0.48717482,ok,TRUE,741596,0.982083,5576,G,0.659408679,7.391245937,plausible,TRUE,confirmed
KELT-14,7,1.70878,0.00022,8911,1.7,181.6,FALSE,8840.288936,9225.779742,13,3.738426864,ok,FALSE,134537478,1.50815,5875,G,1.385382495,15.52861385,plausible,TRUE,confirmed
TOI-157,9,2.08537,0.00046,6398,1.7,47.42,FALSE,6300.685015,6486.007321,11,0.705394849,ok,TRUE,140691463,1.10646,5638,G,0.861231234,9.653454774,plausible,TRUE,confirmed
Kepler-1838,41,4.82686,0.13238,1648,0.5,5.38,TRUE,1954.922138,1510.55415,6,0.734472705,ok,TRUE,171585238,2.46102,5684,G,0.972200147,10.89729423,plausible,TRUE,confirmed
Kepler-1846,74,2.40139,0.05862,4736.5,0.5,4.68,TRUE,4833.719047,5500.336456,11,0.34549725,ok,TRUE,271044808,1.03451,6055,F,0.69282795,7.765839205,plausible,TRUE,confirmed
Kepler-571,74,24.18841,0.77028,24317.9,0.5,6.18,TRUE,37519.54635,17175.49867,2,2.5036908,ok,TRUE,243271973,11.2948,4764,K,17.13971179,192.1173155,too_large,FALSE,confirmed
Kepler-1516,74,11.82936,0.29283,13312,1.1,5.65,TRUE,19015.06432,8900.47092,2,2.66441178,ok,TRUE,159763653,1.36451,6329,F,1.532005459,17.17209599,plausible,TRUE,confirmed
TOI-470,6,12.19278,0.28555,1505.4,2.95,12.82,FALSE,1343.476022,1577.679482,2,1.031463664,ok,TRUE,37770169,0.840971,5122,K,0.31751841,3.559032107,plausible,TRUE,confirmed
Kepler-1152,40,17.68891,0.55654,9089,0.5,4.7,TRUE,9064.177132,9119.259105,2,0.014008814,ok,TRUE,159382189,0.608109,3937,K,0.564158867,6.323600322,plausible,TRUE,confirmed
Kepler-1398,74,22.90063,0.81695,7756.5,0.5,5.03,TRUE,7125.337947,8308.292755,2,0.376978478,ok,TRUE,27239129,12.0398,4850.57,K,10.31844151,115.658379,too_large,FALSE,confirmed
Kepler-1870,40,9.62774,0.22419,4908.5,0.5,4.96,TRUE,5783.346355,4906.810874,3,0.447483103,ok,TRUE,138433618,0.888229,5378,G,0.605565719,6.787725585,plausible,TRUE,confirmed
K2-74,92,14.61034,0.38595,2722.3,1.1,5.86,TRUE,2027.469329,3563.047596,2,1.818199329,ok,TRUE,251018878,1.02116,6022,F,0.518470107,5.811479583,plausible,TRUE,confirmed
K2-27,45,6.77302,0.15772,1676.2,2.35,6.51,TRUE,1448.805493,1938.167466,4,0.876283533,ok,TRUE,363548416,1.19408,5859.32,G,0.475727523,5.332382231,plausible,TRUE,confirmed
Kepler-1809,74,5.67748,0.11129,6859.9,0.5,5.32,TRUE,7616.997372,7208.367303,5,0.170064467,ok,TRUE,122300184,1.09331,6177.61,F,0.88117902,9.877047515,plausible,TRUE,confirmed
Kepler-354,40,15.18445,0.43763,40152.7,0.5,5.29,TRUE,40572.84883,39876.39824,2,0.05131956,ok,TRUE,120578208,10.825,4906,K,21.10800642,236.5975331,too_large,FALSE,confirmed
Kepler-1115,40,21.15461,0.54565,1730.3,2.35,5.34,TRUE,1273.454568,2123.26474,2,1.281293334,ok,TRUE,138960099,1.80664,8838,A,0.73129779,8.197043798,plausible,TRUE,confirmed
Kepler-778,81,13.90193,0.40616,29586.1,0.5,4.41,TRUE,31152.76974,21602.17095,2,0.909128207,ok,TRUE,158484518,0.796643,5098,K,1.333427908,14.94626007,plausible,TRUE,confirmed
Kepler-1170,-1,9.98853,0.18529,1077,3.55,13.38,FALSE,890.2553471,531.2009665,78,7.136314821,ok,FALSE,63125461,3.50289,4917,K,1.118655305,12.53889545,plausible,TRUE,confirmed
K2-344,44,19.14788,0.49846,2930.1,0.5,5.03,TRUE,3181.856521,2632.959753,2,0.494486369,ok,TRUE,203289099,0.560982,3807,K,0.295496324,3.312188751,plausible,TRUE,confirmed
TOI-6080,40,10.08071,0.31887,1250.2,0.5,5.63,TRUE,1403.211864,1165.000484,3,0.52732417,ok,TRUE,116048097,1.06221,5680,G,0.365478698,4.096614173,plausible,TRUE,confirmed
Kepler-1098,40,8.9799,0.24332,15980.8,0.5,4.83,TRUE,15078.88375,16551.57343,3,0.225869462,ok,TRUE,271763481,10.2444,4855.12,K,12.60223927,141.2572398,too_large,FALSE,confirmed
Kepler-80,41,1.88786,0.04164,9133.8,0.5,4.91,TRUE,8602.518528,9987.387759,13,0.402885854,ok,TRUE,184296619,0.66402,4613,K,0.617545334,6.922003896,plausible,TRUE,confirmed
Kepler-588,80,4.77155,0.12697,10715.9,0.5,4.42,TRUE,9648.797355,10278.08885,4,0.147437565,ok,TRUE,164723136,1.2826,5742,G,1.292014826,14.48206498,plausible,TRUE,confirmed
HATS-56,37,4.32649,0.04128,338.3,4.15,4.76,TRUE,386.6114551,268.9330025,6,1.090687317,ok,TRUE,272213425,2.1276,6457,F,0.38080524,4.268407858,plausible,TRUE,confirmed
Kepler-1591,75,5.30352,0.16452,12959.3,0.5,4.59,TRUE,8492.490463,14570.28626,4,1.420187435,ok,TRUE,272491059,11.7086,4841.79,K,12.97052864,145.3853584,too_large,FALSE,confirmed
NGTS-17,98,11.00243,0.31528,5069,0.5,3.96,TRUE,3853.14158,5140.326483,4,0.564753773,ok,TRUE,1309019,1.33066,5749,G,0.921913518,10.33363644,plausible,TRUE,confirmed
Kepler-1782,74,14.5682,0.34864,8677.7,0.5,5.52,TRUE,11977.1441,8221.85947,2,0.891690346,ok,TRUE,123202633,12.0439,4900.06,K,10.91770593,122.375474,too_large,FALSE,confirmed
WASP-48,23,2.14594,0.00089,4112,2.95,35.45,FALSE,4399.858592,4161.084865,11,1.520459245,ok,TRUE,284475976,1.77061,6148,F,1.104870559,12.38438361,plausible,TRUE,confirmed
HD 86226,9,3.98413,0.00164,240.4,2.35,18.68,FALSE,243.9490412,232.3076846,6,0.425804604,ok,TRUE,22221375,1.03399,5940.41,G,0.15600751,1.748672581,plausible,TRUE,confirmed
KELT-3,21,2.70425,0.00053,7513.8,2.95,255.54,FALSE,6815.524112,7887.297452,9,18.48989456,ok,FALSE,67666096,1.61079,6518,F,1.358722214,15.22978142,plausible,TRUE,confirmed
NGTS-26,102,17.05687,0.47772,13295.9,0.5,4.07,TRUE,13523.27505,9449.464866,2,0.829741872,ok,TRUE,392747440,1.42675,5808,G,1.600916522,17.94451321,plausible,TRUE,confirmed
TOI-1750,14,11.62131,0.2443,1211.8,1.1,4.66,TRUE,1172.239125,1282.942677,3,0.212667927,ok,TRUE,237099296,0.768675,4765,K,0.260387521,2.918657679,plausible,TRUE,confirmed
HATS-24,13,1.34799,0.00036,10093.2,2.35,83.86,FALSE,10349.31095,9559.360516,22,3.220019463,ok,FALSE,380589029,1.14759,6185,F,1.121923204,12.575525,plausible,TRUE,confirmed
Kepler-1011,81,12.18225,0.28593,19935.9,1.1,5.52,TRUE,26789.52947,15044.52304,2,1.670606765,ok,TRUE,273130538,1.68243,5735,G,2.311622232,25.91074243,plausible,TRUE,confirmed
TOI-4342,13,5.53,0.09,975.8,1.7,8.14,FALSE,802.9052083,1139.068735,5,1.429042612,ok,TRUE,354944123,0.598175,3883,K,0.181832119,2.038138043,plausible,TRUE,confirmed
Kepler-1104,40,4.37389,0.11617,2415.7,0.5,6.57,TRUE,2671.482116,2207.251027,6,0.522866307,ok,TRUE,27186507,46.7295,3982,K,22.34984777,250.5172086,too_large,FALSE,confirmed
KELT-6,23,15.68745,0.20231,3465.3,5.4,51.16,FALSE,3329.468293,3497.455665,2,1.544666118,ok,TRUE,165987272,1.65137,6266,F,0.945968653,10.60326804,plausible,TRUE,confirmed
Kepler-1856,76,12.31392,0.35697,39420.4,0.5,4.96,TRUE,40409.68258,38478.01325,2,0.144104935,ok,TRUE,27687233,4.6128,5006,K,8.91224412,99.89645311,too_large,FALSE,confirmed
K2-44,45,6.28845,0.14694,1849.1,0.5,4.6,TRUE,1879.543417,1790.040559,4,0.119915205,ok,TRUE,49427836,1.65787,5795,G,0.693733405,7.775988369,plausible,TRUE,confirmed
Kepler-1946,74,16.49857,0.46167,24412.4,1.1,5.19,TRUE,24115.56216,24362.05189,2,0.029555797,ok,TRUE,123451320,23.3076,4342,K,35.43763498,397.2169067,too_large,FALSE,confirmed
Kepler-1223,74,10.12021,0.28776,18113.6,0.5,5.48,TRUE,29832.99091,12030.96248,2,2.214270563,ok,TRUE,164889935,0.949383,5593.85,G,1.243385427,13.93698291,plausible,TRUE,confirmed
Kepler-719,40,14.84736,0.45923,54373.2,0.5,4.4,TRUE,53402.01736,55562.21922,2,0.092986511,ok,TRUE,271767265,1.63041,6580.31,F,3.699569688,41.46810668,too_large,FALSE,confirmed
Kepler-1717,40,4.43183,0.12391,4033.6,0.5,4.95,TRUE,5690.388824,2779.070857,7,1.715098657,ok,TRUE,27396249,9.18458,5067.12,K,5.6763302,63.62541758,too_large,FALSE,confirmed
HAT-P-42,8,4.64251,0.03022,4473.6,3.55,35.97,FALSE,4433.086126,4368.509957,4,0.230192413,ok,TRUE,270468559,1.41374,5859,G,0.920153021,10.3139032,plausible,TRUE,confirmed
EPIC 220674823,42,4.05787,0.10111,1005.4,0.5,3.64,TRUE,999.6359782,842.9754723,4,0.378780922,ok,TRUE,266015990,0.988713,5565,G,0.305071488,3.419515803,plausible,TRUE,confirmed
WASP-160 B,32,3.76818,0.01046,2060,2.35,8.55,FALSE,2227.117673,2070.537241,7,0.428989502,ok,TRUE,32949757,0.939414,5393,G,0.414908731,4.650670475,plausible,TRUE,confirmed
HATS-18,10,0.83709,0.00015,14691.3,1.7,48.69,FALSE,15356.74859,15636.48466,23,0.465578367,ok,TRUE,14614418,1.01656,5670,G,1.199016242,13.43965315,plausible,TRUE,confirmed
